id,top_topic
1,topic1
4,topic1
5,topic1
6,topic5
7,topic8
8,topic6
10,topic10
13,topic1
14,topic1
15,topic1
16,topic5
17,topic1
18,topic1
19,topic1
20,topic8
23,topic9
24,topic4
25,topic1
26,topic8
28,topic1
31,topic1
32,topic1
33,topic4
34,topic5
36,topic1
37,topic1
38,topic1
39,topic4
40,topic1
41,topic7
44,topic1
48,topic1
49,topic1
50,topic1
52,topic1
53,topic1
54,topic7
55,topic1
56,topic8
57,topic1
59,topic1
61,topic6
62,topic6
63,topic1
64,topic1
65,topic10
66,topic6
67,topic6
68,topic1
71,topic1
73,topic9
74,topic9
76,topic8
77,topic8
78,topic1
79,topic1
80,topic1
81,topic7
82,topic10
83,topic6
85,topic1
86,topic1
89,topic3
91,topic6
92,topic3
93,topic1
95,topic6
96,topic3
97,topic1
98,topic1
100,topic3
102,topic8
104,topic1
105,topic1
107,topic1
109,topic8
110,topic1
112,topic1
113,topic1
114,topic1
117,topic1
118,topic8
119,topic1
120,topic1
121,topic1
126,topic8
128,topic1
129,topic9
130,topic1
131,topic1
132,topic1
133,topic1
134,topic1
135,topic1
136,topic1
137,topic1
138,topic6
139,topic2
141,topic1
143,topic8
144,topic1
145,topic1
146,topic1
149,topic9
151,topic1
153,topic1
156,topic1
157,topic1
158,topic5
159,topic1
160,topic10
161,topic1
162,topic1
163,topic1
164,topic1
165,topic1
168,topic1
170,topic1
171,topic1
172,topic1
173,topic6
174,topic1
175,topic1
176,topic10
178,topic1
180,topic1
182,topic1
183,topic7
184,topic10
185,topic2
187,topic4
190,topic1
191,topic5
193,topic5
194,topic9
195,topic1
196,topic1
197,topic1
198,topic1
199,topic1
201,topic1
203,topic1
204,topic9
205,topic9
208,topic1
209,topic9
210,topic1
211,topic1
212,topic1
213,topic1
215,topic1
216,topic1
218,topic9
219,topic9
220,topic9
221,topic1
222,topic7
225,topic1
226,topic1
229,topic1
231,topic9
232,topic1
235,topic9
237,topic1
238,topic1
240,topic1
241,topic7
242,topic1
243,topic1
244,topic1
245,topic1
246,topic3
247,topic1
248,topic7
249,topic1
251,topic1
252,topic1
253,topic1
254,topic1
256,topic7
258,topic1
260,topic1
261,topic1
262,topic1
263,topic1
264,topic5
265,topic1
266,topic7
267,topic1
268,topic1
269,topic1
270,topic1
271,topic1
272,topic1
273,topic1
274,topic6
276,topic1
277,topic1
279,topic1
280,topic1
281,topic1
283,topic1
285,topic1
287,topic1
289,topic1
290,topic10
291,topic1
293,topic1
294,topic5
296,topic1
297,topic1
298,topic1
299,topic1
301,topic1
302,topic1
303,topic1
307,topic1
309,topic5
310,topic8
312,topic1
313,topic8
314,topic1
315,topic1
316,topic1
318,topic1
320,topic9
321,topic5
322,topic1
327,topic1
328,topic1
329,topic5
330,topic1
331,topic1
332,topic1
334,topic1
335,topic6
336,topic7
337,topic1
338,topic8
340,topic1
341,topic1
344,topic8
345,topic1
346,topic1
347,topic1
348,topic1
349,topic1
352,topic1
353,topic5
354,topic10
355,topic1
356,topic1
358,topic1
360,topic1
361,topic1
363,topic1
364,topic1
365,topic3
368,topic1
370,topic1
371,topic3
372,topic3
375,topic3
380,topic1
381,topic1
383,topic1
384,topic1
386,topic3
389,topic1
390,topic5
393,topic1
394,topic1
396,topic1
397,topic1
398,topic1
401,topic4
402,topic1
404,topic1
406,topic7
407,topic2
409,topic1
410,topic10
412,topic1
413,topic1
415,topic3
418,topic5
419,topic1
420,topic1
421,topic10
423,topic1
424,topic7
426,topic10
427,topic7
429,topic1
432,topic4
435,topic3
436,topic4
437,topic5
438,topic10
440,topic4
442,topic1
443,topic1
444,topic6
445,topic10
446,topic1
447,topic1
448,topic1
450,topic3
451,topic1
452,topic6
453,topic1
454,topic10
455,topic4
456,topic8
457,topic10
459,topic1
461,topic1
462,topic1
463,topic4
465,topic1
466,topic1
467,topic1
468,topic5
469,topic1
470,topic1
471,topic1
472,topic5
474,topic1
475,topic1
476,topic1
477,topic1
478,topic1
479,topic3
480,topic1
481,topic1
482,topic6
483,topic1
484,topic1
485,topic1
486,topic5
487,topic1
489,topic1
490,topic1
492,topic1
493,topic1
495,topic1
496,topic1
498,topic1
499,topic1
501,topic1
502,topic1
503,topic1
504,topic8
506,topic1
509,topic1
512,topic1
513,topic7
514,topic1
516,topic1
517,topic4
518,topic1
519,topic4
520,topic1
521,topic1
522,topic1
523,topic1
524,topic1
526,topic1
527,topic1
528,topic4
530,topic1
531,topic1
533,topic1
535,topic1
536,topic1
538,topic5
540,topic4
542,topic4
543,topic1
544,topic1
546,topic1
550,topic7
551,topic5
552,topic1
556,topic7
558,topic6
559,topic1
560,topic1
561,topic1
563,topic1
564,topic1
565,topic6
567,topic9
568,topic5
569,topic1
570,topic8
571,topic1
574,topic1
575,topic6
576,topic1
577,topic1
578,topic1
579,topic8
580,topic1
581,topic1
583,topic1
584,topic1
585,topic1
588,topic6
589,topic1
592,topic6
594,topic6
598,topic5
599,topic1
600,topic1
603,topic6
604,topic1
606,topic6
607,topic1
608,topic1
609,topic1
611,topic1
612,topic6
613,topic10
614,topic4
615,topic9
617,topic3
619,topic1
621,topic1
622,topic1
623,topic1
624,topic1
625,topic1
628,topic1
630,topic1
631,topic1
633,topic5
635,topic8
636,topic10
637,topic1
638,topic8
640,topic8
641,topic1
642,topic1
643,topic7
644,topic3
646,topic5
649,topic1
651,topic5
652,topic8
653,topic3
654,topic7
655,topic1
656,topic5
657,topic6
658,topic5
659,topic5
660,topic5
661,topic8
662,topic5
664,topic5
665,topic7
667,topic8
669,topic6
671,topic5
672,topic5
674,topic5
675,topic5
677,topic8
679,topic5
680,topic5
681,topic3
682,topic3
683,topic6
684,topic5
685,topic9
686,topic5
687,topic1
688,topic5
689,topic5
690,topic5
691,topic5
697,topic1
699,topic8
700,topic1
702,topic1
704,topic1
705,topic1
706,topic10
709,topic1
710,topic1
712,topic1
713,topic1
714,topic1
716,topic1
717,topic1
719,topic6
720,topic1
721,topic1
724,topic1
725,topic1
726,topic1
727,topic1
728,topic7
729,topic1
730,topic1
731,topic1
732,topic1
734,topic1
735,topic1
736,topic1
737,topic1
738,topic1
739,topic1
740,topic1
744,topic1
745,topic1
746,topic1
748,topic10
751,topic7
752,topic1
753,topic1
754,topic10
755,topic1
758,topic1
759,topic10
761,topic1
762,topic1
763,topic1
767,topic1
770,topic1
773,topic1
774,topic10
775,topic7
777,topic3
779,topic1
781,topic10
782,topic6
783,topic1
784,topic8
786,topic1
787,topic5
788,topic7
790,topic4
791,topic1
794,topic1
795,topic1
796,topic1
797,topic4
798,topic1
799,topic10
800,topic1
801,topic1
802,topic1
803,topic4
804,topic1
805,topic1
806,topic1
807,topic1
808,topic1
809,topic1
810,topic1
812,topic8
814,topic1
815,topic10
817,topic1
818,topic6
819,topic1
820,topic1
822,topic1
823,topic1
826,topic1
828,topic1
829,topic6
832,topic1
833,topic2
834,topic1
835,topic1
836,topic1
837,topic1
838,topic6
840,topic1
841,topic1
842,topic1
843,topic1
845,topic1
846,topic1
848,topic5
849,topic6
851,topic1
852,topic1
853,topic5
856,topic1
857,topic1
859,topic1
860,topic1
863,topic1
864,topic1
866,topic1
867,topic1
868,topic1
870,topic1
871,topic1
872,topic1
873,topic1
874,topic1
875,topic1
876,topic1
877,topic1
878,topic1
881,topic1
882,topic10
883,topic1
884,topic1
885,topic1
886,topic8
888,topic10
890,topic6
891,topic8
892,topic1
893,topic1
894,topic3
895,topic1
896,topic10
898,topic1
899,topic1
902,topic1
903,topic1
905,topic1
906,topic3
907,topic1
911,topic1
912,topic1
915,topic1
916,topic1
919,topic1
921,topic1
923,topic5
926,topic1
928,topic1
929,topic1
930,topic5
931,topic10
932,topic6
934,topic1
935,topic4
936,topic1
938,topic1
939,topic1
940,topic4
941,topic1
942,topic1
944,topic1
945,topic6
946,topic1
947,topic4
948,topic7
951,topic10
952,topic8
953,topic8
955,topic1
956,topic7
957,topic7
958,topic10
959,topic3
960,topic6
961,topic7
962,topic1
963,topic10
964,topic6
965,topic7
968,topic1
971,topic1
972,topic5
974,topic10
976,topic1
977,topic1
978,topic5
979,topic3
981,topic1
982,topic1
983,topic5
984,topic1
985,topic1
986,topic8
987,topic1
990,topic1
991,topic3
992,topic1
993,topic1
994,topic1
996,topic7
997,topic1
998,topic1
999,topic4
1001,topic1
1002,topic1
1004,topic1
1005,topic1
1006,topic1
1008,topic6
1009,topic1
1010,topic4
1015,topic1
1017,topic1
1018,topic1
1020,topic6
1021,topic7
1022,topic1
1023,topic5
1024,topic9
1026,topic6
1029,topic1
1031,topic1
1032,topic1
1035,topic1
1036,topic9
1037,topic5
1038,topic1
1040,topic1
1041,topic5
1042,topic1
1043,topic1
1044,topic1
1045,topic1
1048,topic5
1049,topic6
1050,topic1
1051,topic1
1052,topic1
1054,topic7
1057,topic1
1058,topic1
1061,topic1
1062,topic10
1065,topic1
1066,topic10
1067,topic1
1069,topic6
1070,topic5
1071,topic1
1072,topic1
1073,topic1
1074,topic1
1075,topic1
1077,topic1
1078,topic5
1079,topic1
1080,topic2
1081,topic1
1082,topic1
1083,topic4
1084,topic1
1085,topic7
1088,topic5
1090,topic4
1091,topic10
1093,topic5
1094,topic1
1098,topic1
1099,topic8
1102,topic1
1103,topic1
1104,topic1
1105,topic1
1106,topic3
1109,topic3
1110,topic3
1112,topic1
1113,topic6
1114,topic7
1117,topic10
1118,topic5
1119,topic1
1120,topic1
1122,topic7
1123,topic1
1124,topic1
1126,topic1
1128,topic1
1129,topic7
1130,topic1
1132,topic5
1134,topic1
1136,topic1
1138,topic10
1139,topic1
1141,topic7
1142,topic1
1143,topic8
1145,topic1
1146,topic1
1149,topic6
1151,topic7
1152,topic1
1153,topic1
1154,topic10
1155,topic1
1156,topic1
1157,topic1
1160,topic8
1162,topic1
1164,topic7
1166,topic1
1167,topic1
1168,topic1
1170,topic1
1173,topic1
1174,topic3
1175,topic1
1177,topic1
1178,topic1
1179,topic1
1181,topic1
1182,topic7
1183,topic1
1185,topic5
1188,topic5
1189,topic1
1190,topic7
1191,topic1
1195,topic1
1196,topic8
1198,topic1
1199,topic1
1201,topic1
1202,topic1
1203,topic1
1204,topic7
1206,topic1
1207,topic1
1208,topic1
1209,topic1
1211,topic4
1212,topic1
1213,topic7
1214,topic1
1215,topic1
1217,topic6
1218,topic4
1219,topic1
1221,topic1
1222,topic1
1223,topic6
1224,topic1
1225,topic1
1226,topic1
1227,topic7
1228,topic1
1229,topic1
1230,topic1
1232,topic1
1234,topic1
1235,topic1
1236,topic10
1237,topic7
1238,topic1
1239,topic5
1240,topic1
1241,topic6
1242,topic1
1243,topic6
1244,topic1
1245,topic6
1249,topic1
1250,topic5
1251,topic5
1252,topic1
1253,topic1
1254,topic1
1259,topic1
1262,topic2
1263,topic9
1264,topic6
1267,topic1
1269,topic1
1270,topic1
1271,topic7
1272,topic1
1273,topic5
1275,topic1
1276,topic1
1277,topic7
1278,topic1
1279,topic1
1280,topic1
1282,topic1
1283,topic1
1284,topic1
1287,topic1
1288,topic1
1289,topic1
1290,topic1
1293,topic1
1294,topic7
1296,topic1
1297,topic4
1298,topic1
1300,topic1
1301,topic5
1302,topic1
1303,topic1
1304,topic3
1305,topic1
1307,topic1
1308,topic6
1309,topic3
1312,topic1
1315,topic1
1316,topic1
1317,topic1
1318,topic1
1319,topic5
1320,topic1
1321,topic1
1324,topic10
1326,topic1
1327,topic7
1328,topic1
1331,topic1
1332,topic5
1334,topic7
1335,topic8
1337,topic1
1338,topic1
1340,topic3
1341,topic5
1343,topic9
1345,topic1
1346,topic1
1347,topic1
1348,topic1
1349,topic1
1350,topic2
1351,topic8
1352,topic5
1353,topic1
1354,topic1
1356,topic1
1360,topic9
1361,topic1
1362,topic1
1363,topic3
1365,topic1
1368,topic1
1369,topic5
1371,topic7
1372,topic1
1374,topic1
1375,topic10
1376,topic8
1378,topic1
1379,topic7
1380,topic7
1381,topic10
1382,topic10
1383,topic10
1384,topic10
1385,topic10
1388,topic10
1389,topic10
1390,topic3
1391,topic7
1393,topic7
1394,topic7
1395,topic10
1396,topic7
1399,topic10
1401,topic10
1402,topic7
1405,topic7
1406,topic7
1407,topic10
1408,topic7
1409,topic7
1411,topic10
1412,topic10
1414,topic7
1415,topic10
1418,topic9
1419,topic10
1420,topic7
1421,topic10
1422,topic7
1425,topic10
1429,topic10
1431,topic10
1432,topic10
1433,topic10
1436,topic7
1439,topic3
1440,topic10
1441,topic10
1443,topic10
1444,topic10
1445,topic10
1447,topic10
1448,topic10
1449,topic10
1450,topic1
1452,topic10
1453,topic5
1454,topic10
1455,topic10
1456,topic10
1458,topic10
1459,topic10
1460,topic10
1463,topic10
1464,topic8
1466,topic10
1467,topic10
1470,topic9
1472,topic10
1473,topic10
1474,topic1
1475,topic10
1477,topic9
1479,topic10
1480,topic10
1482,topic1
1483,topic10
1484,topic10
1485,topic10
1486,topic10
1487,topic10
1488,topic10
1491,topic10
1493,topic10
1494,topic8
1495,topic10
1497,topic10
1498,topic10
1499,topic10
1500,topic10
1501,topic10
1502,topic5
1503,topic4
1504,topic10
1505,topic10
1506,topic4
1507,topic10
1508,topic10
1509,topic2
1510,topic10
1511,topic10
1513,topic6
1514,topic7
1515,topic5
1518,topic10
1519,topic10
1520,topic10
1521,topic10
1522,topic10
1523,topic10
1524,topic7
1525,topic10
1526,topic8
1527,topic10
1530,topic2
1531,topic2
1532,topic2
1533,topic2
1534,topic2
1535,topic2
1537,topic2
1538,topic2
1540,topic2
1543,topic2
1544,topic1
1545,topic2
1546,topic2
1547,topic2
1549,topic2
1553,topic2
1554,topic2
1555,topic2
1556,topic2
1558,topic2
1559,topic2
1560,topic2
1561,topic2
1562,topic2
1567,topic2
1568,topic2
1569,topic2
1570,topic2
1572,topic2
1573,topic2
1574,topic2
1575,topic2
1576,topic2
1577,topic2
1579,topic1
1580,topic1
1582,topic9
1585,topic2
1587,topic6
1588,topic1
1590,topic1
1591,topic1
1593,topic1
1594,topic9
1595,topic1
1596,topic3
1597,topic1
1599,topic9
1600,topic2
1601,topic7
1602,topic1
1603,topic1
1604,topic1
1605,topic7
1607,topic9
1608,topic1
1609,topic1
1610,topic5
1611,topic1
1613,topic1
1614,topic5
1615,topic1
1617,topic1
1618,topic1
1619,topic10
1621,topic2
1622,topic8
1623,topic1
1625,topic2
1626,topic4
1627,topic1
1628,topic8
1631,topic1
1632,topic9
1633,topic2
1634,topic2
1636,topic2
1637,topic3
1638,topic2
1639,topic2
1643,topic9
1644,topic2
1645,topic5
1646,topic2
1647,topic2
1648,topic2
1649,topic2
1650,topic2
1652,topic2
1653,topic4
1654,topic2
1657,topic9
1658,topic2
1660,topic2
1661,topic2
1662,topic2
1663,topic3
1665,topic2
1666,topic1
1669,topic2
1670,topic2
1671,topic1
1672,topic8
1673,topic10
1675,topic1
1676,topic1
1677,topic1
1679,topic3
1683,topic10
1684,topic5
1686,topic1
1687,topic1
1688,topic1
1689,topic1
1690,topic1
1691,topic10
1692,topic6
1693,topic1
1694,topic8
1698,topic4
1699,topic1
1700,topic1
1701,topic1
1702,topic10
1703,topic1
1705,topic1
1706,topic1
1707,topic1
1709,topic1
1710,topic1
1712,topic3
1715,topic1
1716,topic1
1718,topic10
1719,topic1
1720,topic1
1721,topic3
1722,topic3
1723,topic3
1724,topic3
1725,topic3
1726,topic3
1727,topic3
1728,topic3
1731,topic3
1733,topic3
1735,topic3
1737,topic3
1739,topic3
1740,topic3
1741,topic3
1744,topic3
1745,topic3
1747,topic3
1750,topic3
1752,topic3
1753,topic3
1754,topic3
1755,topic3
1756,topic3
1757,topic3
1759,topic3
1760,topic7
1761,topic3
1762,topic3
1763,topic3
1766,topic3
1767,topic3
1768,topic3
1769,topic3
1770,topic3
1771,topic1
1772,topic1
1773,topic1
1774,topic8
1775,topic3
1776,topic3
1779,topic3
1780,topic7
1784,topic3
1786,topic3
1787,topic3
1789,topic4
1790,topic3
1791,topic3
1792,topic3
1796,topic3
1798,topic3
1799,topic3
1802,topic3
1803,topic3
1804,topic3
1807,topic3
1808,topic3
1809,topic3
1810,topic3
1811,topic3
1812,topic4
1813,topic3
1814,topic3
1815,topic8
1816,topic3
1817,topic3
1818,topic3
1821,topic1
1822,topic3
1823,topic1
1824,topic3
1826,topic10
1827,topic1
1831,topic6
1832,topic1
1833,topic1
1834,topic1
1835,topic1
1836,topic1
1837,topic1
1838,topic3
1840,topic1
1841,topic6
1842,topic7
1845,topic1
1847,topic1
1848,topic8
1851,topic3
1852,topic1
1853,topic3
1856,topic7
1857,topic6
1860,topic1
1861,topic6
1863,topic1
1864,topic2
1865,topic4
1866,topic1
1869,topic1
1870,topic1
1873,topic3
1875,topic3
1877,topic3
1878,topic3
1880,topic3
1881,topic3
1882,topic1
1883,topic7
1885,topic3
1886,topic3
1887,topic3
1888,topic3
1889,topic9
1890,topic3
1892,topic7
1893,topic3
1895,topic3
1897,topic3
1898,topic6
1899,topic3
1900,topic3
1901,topic3
1905,topic3
1908,topic3
1909,topic9
1910,topic3
1911,topic3
1914,topic3
1915,topic6
1916,topic3
1917,topic7
1918,topic3
1919,topic9
1920,topic3
1921,topic3
1922,topic3
1924,topic3
1925,topic3
1927,topic3
1929,topic3
1932,topic3
1933,topic3
1935,topic3
1937,topic3
1938,topic3
1939,topic3
1940,topic3
1941,topic3
1942,topic3
1943,topic3
1945,topic3
1948,topic3
1949,topic3
1950,topic7
1951,topic3
1952,topic3
1953,topic3
1954,topic3
1955,topic3
1956,topic3
1957,topic3
1959,topic3
1960,topic3
1961,topic3
1962,topic3
1963,topic3
1965,topic3
1966,topic3
1967,topic3
1968,topic3
1969,topic3
1971,topic6
1972,topic3
1973,topic6
1975,topic3
1976,topic6
1979,topic6
1980,topic6
1981,topic3
1983,topic6
1985,topic6
1986,topic5
1987,topic6
1989,topic6
1990,topic6
1991,topic6
1992,topic6
1994,topic6
1995,topic6
1996,topic6
1999,topic3
2000,topic1
2001,topic6
2003,topic6
2006,topic3
2007,topic6
2009,topic1
2010,topic1
2012,topic6
2014,topic4
2015,topic1
2016,topic1
2017,topic5
2019,topic6
2020,topic1
2022,topic4
2023,topic1
2024,topic4
2026,topic5
2027,topic1
2028,topic1
2031,topic4
2033,topic6
2034,topic3
2035,topic1
2036,topic4
2038,topic6
2039,topic5
2040,topic1
2042,topic1
2043,topic7
2045,topic6
2046,topic1
2047,topic1
2049,topic1
2050,topic6
2051,topic1
2055,topic1
2056,topic3
2057,topic1
2058,topic1
2059,topic8
2060,topic2
2061,topic1
2063,topic1
2064,topic7
2067,topic6
2068,topic10
2069,topic1
2070,topic3
2071,topic1
2073,topic7
2074,topic1
2075,topic1
2076,topic7
2077,topic7
2078,topic9
2081,topic1
2082,topic4
2083,topic1
2084,topic1
2086,topic5
2087,topic1
2089,topic1
2091,topic1
2094,topic1
2095,topic1
2096,topic1
2097,topic1
2098,topic1
2099,topic1
2100,topic4
2102,topic1
2103,topic1
2108,topic1
2109,topic1
2110,topic1
2111,topic1
2112,topic1
2113,topic1
2114,topic1
2115,topic9
2116,topic1
2117,topic1
2118,topic5
2119,topic1
2121,topic1
2122,topic1
2123,topic3
2125,topic1
2126,topic7
2128,topic1
2129,topic1
2131,topic1
2133,topic1
2134,topic1
2136,topic1
2138,topic1
2139,topic1
2141,topic1
2142,topic4
2144,topic1
2145,topic8
2146,topic5
2148,topic2
2149,topic1
2150,topic1
2153,topic2
2154,topic1
2157,topic1
2158,topic1
2159,topic1
2160,topic1
2161,topic1
2163,topic1
2164,topic2
2169,topic2
2171,topic2
2172,topic4
2173,topic1
2174,topic2
2175,topic10
2176,topic1
2177,topic9
2179,topic2
2181,topic1
2183,topic1
2186,topic5
2188,topic7
2189,topic1
2190,topic2
2191,topic1
2192,topic2
2193,topic7
2194,topic1
2195,topic1
2198,topic7
2203,topic9
2204,topic5
2205,topic1
2207,topic1
2209,topic1
2210,topic1
2211,topic1
2212,topic1
2213,topic1
2214,topic1
2215,topic1
2216,topic1
2217,topic5
2219,topic1
2220,topic1
2221,topic1
2222,topic1
2225,topic2
2227,topic1
2229,topic1
2230,topic1
2231,topic1
2233,topic1
2235,topic6
2236,topic1
2237,topic1
2238,topic1
2239,topic1
2240,topic1
2241,topic1
2242,topic1
2244,topic3
2245,topic1
2246,topic1
2248,topic1
2250,topic1
2251,topic1
2254,topic3
2255,topic1
2256,topic1
2257,topic2
2258,topic4
2260,topic7
2262,topic1
2263,topic1
2265,topic1
2266,topic1
2267,topic4
2271,topic1
2272,topic4
2273,topic1
2274,topic1
2275,topic1
2277,topic1
2278,topic3
2279,topic1
2280,topic8
2281,topic1
2282,topic1
2284,topic1
2285,topic1
2286,topic8
2288,topic1
2289,topic4
2292,topic4
2294,topic5
2296,topic1
2297,topic5
2298,topic1
2299,topic7
2300,topic3
2301,topic1
2303,topic3
2304,topic1
2306,topic10
2307,topic1
2308,topic6
2309,topic1
2311,topic4
2312,topic1
2314,topic1
2315,topic1
2317,topic1
2318,topic6
2319,topic1
2321,topic1
2324,topic1
2325,topic1
2327,topic10
2329,topic1
2330,topic1
2332,topic1
2333,topic1
2334,topic1
2336,topic6
2337,topic1
2339,topic5
2340,topic2
2341,topic1
2342,topic5
2346,topic1
2347,topic1
2348,topic1
2349,topic1
2350,topic1
2351,topic1
2352,topic1
2354,topic1
2356,topic1
2358,topic1
2359,topic7
2361,topic1
2362,topic3
2363,topic1
2364,topic9
2366,topic5
2367,topic7
2368,topic1
2370,topic1
2372,topic10
2373,topic1
2374,topic1
2375,topic1
2376,topic1
2377,topic1
2379,topic1
2382,topic1
2385,topic1
2386,topic1
2387,topic1
2388,topic1
2389,topic1
2390,topic5
2391,topic6
2394,topic1
2395,topic8
2396,topic1
2397,topic1
2398,topic1
2399,topic1
2400,topic1
2402,topic1
2406,topic10
2408,topic4
2409,topic1
2410,topic5
2412,topic1
2413,topic1
2414,topic1
2415,topic1
2416,topic5
2417,topic1
2418,topic1
2419,topic1
2420,topic1
2421,topic3
2422,topic1
2423,topic1
2425,topic10
2427,topic1
2428,topic4
2429,topic1
2430,topic7
2432,topic7
2435,topic5
2437,topic1
2438,topic1
2440,topic9
2441,topic1
2442,topic1
2443,topic1
2445,topic1
2446,topic1
2451,topic5
2452,topic1
2453,topic1
2454,topic1
2455,topic1
2456,topic1
2457,topic1
2458,topic8
2459,topic1
2460,topic4
2462,topic1
2463,topic1
2464,topic6
2465,topic1
2466,topic1
2467,topic8
2468,topic1
2470,topic1
2471,topic1
2475,topic1
2476,topic8
2478,topic6
2479,topic10
2480,topic1
2482,topic2
2483,topic9
2485,topic3
2486,topic1
2487,topic1
2488,topic1
2489,topic6
2490,topic7
2491,topic1
2492,topic1
2493,topic8
2494,topic7
2496,topic1
2497,topic1
2498,topic8
2499,topic1
2500,topic6
2501,topic1
2502,topic4
2504,topic5
2505,topic2
2506,topic1
2507,topic1
2508,topic1
2510,topic1
2512,topic1
2513,topic1
2514,topic1
2515,topic5
2516,topic6
2517,topic5
2519,topic1
2520,topic10
2521,topic1
2523,topic1
2524,topic1
2527,topic1
2528,topic1
2530,topic1
2531,topic1
2532,topic8
2534,topic1
2535,topic1
2536,topic9
2537,topic1
2538,topic1
2539,topic5
2540,topic1
2541,topic1
2542,topic1
2543,topic1
2544,topic1
2545,topic1
2546,topic1
2547,topic1
2548,topic1
2550,topic1
2552,topic1
2553,topic7
2554,topic7
2555,topic1
2556,topic7
2557,topic7
2559,topic7
2560,topic8
2561,topic7
2564,topic7
2565,topic7
2566,topic7
2568,topic7
2569,topic1
2570,topic9
2571,topic1
2572,topic4
2573,topic8
2575,topic7
2576,topic7
2579,topic10
2582,topic7
2585,topic3
2587,topic7
2588,topic7
2590,topic7
2591,topic7
2592,topic10
2593,topic8
2594,topic7
2597,topic9
2598,topic9
2599,topic7
2602,topic3
2603,topic1
2604,topic2
2605,topic1
2606,topic1
2608,topic1
2609,topic1
2611,topic5
2612,topic1
2614,topic1
2616,topic1
2617,topic1
2619,topic1
2621,topic8
2622,topic1
2624,topic6
2625,topic1
2627,topic1
2628,topic1
2629,topic1
2631,topic6
2632,topic8
2633,topic2
2635,topic1
2637,topic7
2640,topic1
2641,topic1
2642,topic1
2643,topic8
2644,topic3
2645,topic8
2647,topic6
2648,topic6
2649,topic8
2651,topic1
2655,topic9
2656,topic1
2657,topic1
2658,topic1
2659,topic1
2660,topic1
2661,topic1
2663,topic1
2664,topic1
2666,topic1
2667,topic1
2668,topic4
2670,topic1
2671,topic1
2672,topic1
2673,topic1
2675,topic3
2676,topic3
2677,topic1
2679,topic10
2680,topic1
2682,topic1
2683,topic1
2684,topic1
2687,topic1
2688,topic1
2689,topic1
2691,topic6
2692,topic1
2693,topic5
2694,topic1
2695,topic1
2696,topic10
2698,topic1
2700,topic9
2701,topic4
2702,topic1
2703,topic1
2706,topic1
2707,topic1
2708,topic1
2709,topic1
2711,topic1
2714,topic1
2715,topic1
2719,topic1
2720,topic9
2723,topic1
2724,topic1
2725,topic1
2726,topic1
2727,topic1
2728,topic1
2729,topic1
2730,topic1
2731,topic1
2732,topic1
2733,topic1
2734,topic1
2736,topic1
2739,topic2
2740,topic1
2741,topic1
2743,topic10
2744,topic6
2748,topic1
2749,topic1
2752,topic1
2753,topic1
2755,topic1
2756,topic1
2757,topic1
2758,topic10
2759,topic1
2760,topic8
2761,topic1
2763,topic1
2765,topic3
2766,topic1
2767,topic3
2768,topic6
2769,topic1
2770,topic1
2771,topic1
2773,topic1
2774,topic1
2777,topic6
2778,topic1
2780,topic6
2782,topic7
2783,topic6
2784,topic3
2785,topic1
2786,topic1
2787,topic3
2788,topic7
2792,topic3
2793,topic9
2794,topic6
2795,topic8
2796,topic1
2797,topic1
2799,topic1
2801,topic1
2802,topic1
2803,topic1
2807,topic5
2808,topic7
2811,topic6
2813,topic7
2815,topic7
2817,topic1
2819,topic1
2820,topic1
2821,topic1
2822,topic1
2825,topic1
2826,topic2
2827,topic1
2828,topic1
2829,topic1
2830,topic1
2831,topic1
2832,topic1
2833,topic1
2835,topic7
2836,topic1
2838,topic1
2839,topic1
2841,topic1
2842,topic1
2843,topic1
2844,topic1
2846,topic7
2849,topic1
2851,topic1
2852,topic1
2853,topic1
2854,topic1
2855,topic6
2856,topic10
2857,topic1
2858,topic1
2860,topic1
2861,topic1
2863,topic1
2864,topic1
2865,topic8
2866,topic6
2867,topic6
2869,topic4
2870,topic4
2871,topic1
2872,topic1
2873,topic5
2875,topic1
2877,topic10
2878,topic1
2879,topic1
2880,topic6
2881,topic6
2882,topic1
2883,topic1
2884,topic1
2885,topic10
2886,topic1
2887,topic1
2888,topic7
2889,topic3
2890,topic1
2891,topic1
2893,topic4
2895,topic10
2896,topic1
2898,topic1
2899,topic1
2900,topic1
2902,topic1
2905,topic3
2907,topic1
2908,topic1
2909,topic5
2910,topic1
2911,topic3
2912,topic1
2913,topic7
2915,topic1
2916,topic3
2917,topic3
2920,topic1
2921,topic1
2922,topic1
2924,topic7
2925,topic1
2927,topic1
2929,topic1
2931,topic1
2932,topic5
2933,topic1
2934,topic5
2935,topic1
2936,topic1
2937,topic1
2939,topic7
2941,topic6
2942,topic1
2943,topic6
2944,topic7
2945,topic10
2946,topic1
2947,topic1
2948,topic3
2950,topic1
2952,topic1
2953,topic1
2954,topic6
2955,topic6
2956,topic6
2957,topic6
2959,topic6
2960,topic7
2963,topic6
2965,topic6
2969,topic6
2970,topic6
2971,topic5
2973,topic6
2974,topic4
2975,topic6
2976,topic6
2980,topic6
2982,topic6
2983,topic6
2984,topic7
2987,topic6
2988,topic6
2990,topic6
2991,topic6
2992,topic6
2993,topic9
2995,topic6
2998,topic6
3000,topic6
3001,topic6
3003,topic3
3004,topic4
3005,topic1
3006,topic1
3009,topic6
3010,topic1
3011,topic1
3012,topic10
3013,topic1
3014,topic1
3015,topic7
3016,topic10
3018,topic6
3019,topic1
3021,topic4
3022,topic9
3023,topic1
3025,topic1
3026,topic1
3027,topic10
3029,topic1
3030,topic1
3034,topic7
3036,topic9
3037,topic1
3038,topic6
3039,topic7
3042,topic10
3043,topic1
3044,topic1
3045,topic1
3047,topic1
3048,topic9
3049,topic1
3051,topic1
3052,topic7
3053,topic3
3054,topic1
3055,topic6
3056,topic7
3057,topic1
3058,topic1
3059,topic1
3060,topic3
3061,topic1
3062,topic3
3064,topic6
3066,topic1
3068,topic1
3070,topic1
3071,topic1
3072,topic1
3073,topic1
3074,topic3
3075,topic6
3077,topic6
3079,topic1
3080,topic3
3082,topic8
3083,topic5
3084,topic6
3085,topic3
3086,topic6
3089,topic6
3090,topic1
3091,topic1
3092,topic5
3093,topic6
3095,topic1
3097,topic1
3099,topic8
3100,topic9
3101,topic1
3102,topic1
3104,topic1
3105,topic1
3106,topic1
3107,topic6
3108,topic1
3109,topic1
3111,topic1
3112,topic1
3114,topic7
3115,topic7
3116,topic7
3117,topic1
3118,topic1
3119,topic7
3120,topic5
3122,topic7
3123,topic4
3124,topic1
3125,topic5
3126,topic1
3130,topic1
3131,topic1
3132,topic1
3133,topic1
3134,topic1
3136,topic1
3137,topic1
3138,topic7
3139,topic1
3140,topic7
3141,topic1
3142,topic1
3144,topic10
3145,topic1
3147,topic6
3150,topic1
3152,topic1
3153,topic1
3154,topic1
3155,topic1
3157,topic1
3158,topic1
3159,topic1
3161,topic3
3162,topic1
3163,topic1
3165,topic1
3166,topic1
3167,topic9
3168,topic1
3170,topic1
3171,topic1
3172,topic9
3173,topic9
3174,topic1
3175,topic1
3176,topic1
3177,topic2
3179,topic1
3180,topic1
3181,topic1
3182,topic1
3183,topic1
3184,topic1
3185,topic8
3186,topic7
3188,topic1
3189,topic3
3190,topic1
3191,topic1
3192,topic4
3193,topic1
3195,topic5
3196,topic1
3197,topic1
3198,topic8
3199,topic1
3200,topic5
3201,topic1
3205,topic1
3210,topic1
3211,topic1
3212,topic1
3216,topic1
3217,topic10
3218,topic1
3219,topic1
3221,topic1
3222,topic1
3225,topic1
3227,topic1
3229,topic10
3231,topic1
3235,topic1
3236,topic4
3237,topic1
3239,topic1
3240,topic1
3241,topic1
3242,topic1
3243,topic1
3244,topic1
3245,topic3
3248,topic6
3249,topic1
3252,topic5
3253,topic1
3255,topic1
3256,topic1
3259,topic1
3260,topic1
3262,topic1
3263,topic1
3264,topic10
3265,topic1
3266,topic1
3270,topic1
3274,topic1
3275,topic1
3276,topic1
3277,topic1
3278,topic3
3280,topic1
3281,topic1
3282,topic3
3283,topic7
3284,topic1
3285,topic1
3286,topic1
3287,topic1
3288,topic1
3289,topic6
3292,topic1
3295,topic1
3296,topic3
3297,topic5
3299,topic10
3300,topic10
3301,topic1
3302,topic1
3303,topic5
3304,topic1
3308,topic1
3309,topic7
3311,topic1
3312,topic1
3317,topic8
3318,topic8
3319,topic1
3320,topic9
3322,topic1
3323,topic1
3324,topic1
3328,topic1
3329,topic1
3334,topic1
3335,topic1
3336,topic1
3337,topic3
3338,topic1
3339,topic1
3340,topic5
3341,topic1
3342,topic1
3345,topic1
3346,topic3
3347,topic6
3351,topic1
3355,topic1
3356,topic1
3357,topic5
3359,topic3
3361,topic1
3362,topic1
3363,topic1
3364,topic1
3365,topic2
3367,topic1
3368,topic2
3369,topic3
3370,topic1
3372,topic1
3373,topic6
3376,topic1
3377,topic7
3379,topic1
3380,topic1
3381,topic1
3383,topic8
3387,topic6
3388,topic7
3389,topic1
3390,topic1
3391,topic3
3393,topic3
3394,topic1
3395,topic1
3396,topic1
3397,topic1
3398,topic1
3400,topic1
3401,topic1
3402,topic1
3403,topic3
3404,topic8
3405,topic6
3406,topic3
3408,topic10
3410,topic1
3411,topic3
3412,topic7
3413,topic8
3414,topic3
3415,topic1
3417,topic7
3418,topic5
3419,topic5
3421,topic3
3423,topic8
3425,topic3
3428,topic6
3429,topic8
3430,topic1
3431,topic7
3432,topic1
3433,topic1
3435,topic1
3436,topic6
3437,topic1
3439,topic5
3440,topic1
3445,topic3
3446,topic1
3447,topic5
3448,topic1
3450,topic1
3451,topic8
3452,topic1
3455,topic1
3459,topic8
3460,topic3
3462,topic2
3463,topic1
3464,topic1
3465,topic8
3466,topic8
3468,topic8
3469,topic8
3470,topic8
3471,topic7
3472,topic7
3473,topic8
3474,topic8
3475,topic8
3476,topic3
3477,topic8
3478,topic8
3480,topic10
3481,topic1
3482,topic8
3483,topic1
3484,topic7
3485,topic3
3486,topic8
3487,topic1
3489,topic8
3490,topic1
3492,topic1
3493,topic1
3494,topic8
3495,topic1
3497,topic8
3498,topic10
3499,topic1
3500,topic8
3501,topic8
3503,topic8
3504,topic1
3505,topic8
3506,topic1
3508,topic8
3509,topic1
3510,topic8
3512,topic8
3513,topic8
3514,topic6
3517,topic8
3518,topic8
3519,topic8
3520,topic8
3521,topic10
3522,topic8
3523,topic3
3524,topic8
3525,topic7
3526,topic1
3527,topic1
3528,topic8
3529,topic1
3530,topic1
3531,topic1
3532,topic1
3533,topic6
3534,topic1
3535,topic1
3536,topic1
3537,topic1
3540,topic1
3542,topic8
3543,topic7
3544,topic1
3548,topic1
3549,topic6
3550,topic1
3552,topic8
3554,topic1
3555,topic7
3557,topic5
3560,topic3
3565,topic1
3566,topic7
3567,topic1
3568,topic1
3569,topic1
3570,topic7
3572,topic1
3573,topic6
3575,topic1
3578,topic1
3581,topic1
3582,topic1
3583,topic1
3584,topic4
3585,topic1
3587,topic5
3588,topic1
3589,topic1
3591,topic1
3592,topic7
3593,topic10
3594,topic1
3595,topic6
3596,topic1
3597,topic10
3598,topic1
3602,topic1
3603,topic1
3604,topic1
3607,topic7
3608,topic4
3609,topic1
3610,topic1
3611,topic1
3613,topic1
3617,topic1
3618,topic1
3619,topic1
3621,topic5
3623,topic1
3625,topic4
3626,topic10
3627,topic1
3628,topic1
3629,topic6
3631,topic1
3632,topic1
3633,topic1
3634,topic1
3635,topic1
3636,topic1
3637,topic1
3638,topic1
3639,topic5
3640,topic1
3641,topic1
3642,topic3
3643,topic1
3645,topic1
3646,topic7
3647,topic1
3648,topic1
3650,topic1
3652,topic1
3653,topic10
3655,topic1
3656,topic10
3657,topic5
3658,topic1
3659,topic4
3660,topic1
3661,topic1
3662,topic3
3663,topic4
3664,topic4
3666,topic1
3667,topic1
3669,topic5
3670,topic1
3674,topic3
3675,topic1
3676,topic5
3679,topic1
3680,topic6
3681,topic1
3682,topic1
3683,topic1
3684,topic1
3685,topic1
3686,topic1
3689,topic3
3690,topic7
3691,topic1
3692,topic1
3694,topic1
3695,topic1
3696,topic7
3697,topic1
3700,topic1
3702,topic1
3704,topic1
3705,topic5
3708,topic1
3710,topic1
3712,topic1
3713,topic5
3715,topic5
3717,topic5
3718,topic1
3719,topic1
3721,topic2
3722,topic1
3723,topic1
3724,topic1
3725,topic5
3726,topic1
3727,topic7
3729,topic8
3730,topic10
3735,topic9
3736,topic5
3737,topic4
3738,topic1
3739,topic10
3741,topic1
3742,topic1
3743,topic7
3744,topic1
3745,topic1
3747,topic1
3748,topic7
3750,topic1
3752,topic1
3753,topic1
3754,topic1
3756,topic1
3758,topic1
3759,topic1
3760,topic1
3761,topic6
3763,topic1
3764,topic6
3765,topic1
3766,topic1
3768,topic1
3770,topic2
3771,topic1
3772,topic1
3773,topic1
3774,topic1
3775,topic3
3776,topic1
3777,topic1
3778,topic1
3780,topic5
3785,topic1
3786,topic1
3787,topic1
3788,topic1
3789,topic1
3793,topic1
3795,topic1
3796,topic7
3797,topic1
3798,topic1
3800,topic2
3802,topic1
3803,topic1
3805,topic7
3806,topic1
3807,topic1
3810,topic1
3812,topic2
3814,topic1
3815,topic1
3816,topic1
3819,topic1
3820,topic1
3821,topic1
3822,topic1
3824,topic1
3825,topic1
3826,topic4
3827,topic1
3828,topic1
3829,topic1
3830,topic1
3831,topic1
3832,topic1
3833,topic1
3834,topic1
3835,topic1
3836,topic1
3837,topic1
3838,topic2
3839,topic7
3840,topic1
3841,topic1
3842,topic6
3845,topic7
3848,topic1
3849,topic1
3850,topic1
3851,topic1
3853,topic1
3855,topic1
3857,topic1
3858,topic5
3859,topic1
3860,topic1
3861,topic1
3862,topic1
3864,topic1
3866,topic1
3868,topic1
3869,topic7
3870,topic1
3873,topic4
3874,topic1
3875,topic1
3876,topic7
3877,topic2
3879,topic4
3887,topic1
3888,topic1
3889,topic4
3892,topic1
3893,topic2
3894,topic4
3895,topic9
3896,topic1
3897,topic1
3899,topic1
3900,topic9
3901,topic1
3903,topic3
3904,topic3
3905,topic10
3906,topic10
3907,topic10
3908,topic10
3911,topic1
3913,topic10
3914,topic1
3916,topic10
3917,topic5
3919,topic10
3921,topic1
3922,topic5
3923,topic2
3924,topic1
3926,topic1
3927,topic1
3932,topic1
3933,topic10
3935,topic1
3936,topic1
3937,topic10
3938,topic1
3940,topic1
3944,topic1
3945,topic9
3947,topic10
3948,topic10
3949,topic6
3950,topic1
3951,topic1
3952,topic9
3953,topic5
3954,topic1
3955,topic9
3956,topic9
3957,topic2
3958,topic9
3959,topic5
3960,topic9
3961,topic2
3962,topic9
3964,topic1
3967,topic9
3968,topic9
3969,topic1
3970,topic3
3973,topic1
3975,topic1
3977,topic9
3979,topic10
3980,topic1
3982,topic9
3983,topic9
3984,topic2
3989,topic5
3990,topic1
3992,topic9
3993,topic1
3994,topic2
3995,topic1
3996,topic4
3997,topic1
3998,topic10
4000,topic10
4003,topic10
4005,topic10
4006,topic10
4008,topic10
4010,topic4
4011,topic10
4012,topic10
4014,topic10
4017,topic10
4018,topic7
4019,topic10
4020,topic8
4021,topic1
4022,topic8
4024,topic10
4025,topic1
4026,topic10
4027,topic1
4028,topic10
4029,topic10
4030,topic10
4032,topic10
4033,topic10
4034,topic10
4038,topic8
4039,topic10
4041,topic3
4042,topic3
4043,topic8
4044,topic8
4045,topic10
4046,topic10
4047,topic10
4049,topic7
4050,topic5
4051,topic5
4052,topic6
4054,topic1
4055,topic10
4057,topic6
4058,topic1
4060,topic5
4061,topic1
4062,topic1
4063,topic6
4064,topic6
4065,topic1
4068,topic5
4072,topic5
4076,topic5
4077,topic5
4078,topic1
4079,topic6
4080,topic1
4081,topic7
4083,topic1
4084,topic1
4085,topic1
4086,topic7
4087,topic1
4088,topic1
4089,topic1
4091,topic1
4092,topic1
4093,topic1
4094,topic3
4095,topic5
4096,topic1
4097,topic1
4098,topic1
4100,topic1
4101,topic1
4103,topic1
4104,topic6
4105,topic1
4107,topic1
4108,topic1
4111,topic1
4112,topic7
4113,topic6
4114,topic1
4116,topic6
4117,topic7
4119,topic1
4121,topic1
4122,topic6
4123,topic5
4124,topic1
4127,topic1
4128,topic1
4129,topic6
4131,topic3
4132,topic7
4133,topic9
4135,topic1
4138,topic6
4139,topic1
4140,topic1
4141,topic8
4142,topic1
4143,topic3
4145,topic6
4146,topic1
4147,topic1
4149,topic1
4150,topic1
4152,topic1
4153,topic6
4154,topic7
4156,topic1
4157,topic10
4158,topic6
4159,topic1
4160,topic1
4161,topic6
4163,topic10
4164,topic1
4166,topic1
4167,topic1
4168,topic1
4170,topic1
4171,topic1
4172,topic10
4173,topic1
4175,topic6
4176,topic5
4177,topic1
4178,topic1
4180,topic1
4181,topic5
4182,topic3
4183,topic5
4184,topic6
4189,topic1
4191,topic10
4197,topic7
4198,topic1
4199,topic10
4200,topic1
4201,topic1
4202,topic1
4203,topic1
4204,topic1
4205,topic1
4206,topic6
4209,topic9
4210,topic7
4211,topic1
4212,topic1
4213,topic6
4214,topic6
4216,topic1
4218,topic1
4219,topic1
4220,topic1
4221,topic1
4224,topic1
4225,topic1
4227,topic6
4230,topic1
4232,topic5
4233,topic1
4235,topic1
4237,topic2
4238,topic1
4239,topic6
4240,topic1
4241,topic1
4242,topic2
4243,topic1
4244,topic1
4245,topic7
4246,topic1
4247,topic5
4248,topic1
4250,topic1
4251,topic1
4252,topic4
4253,topic1
4255,topic1
4256,topic1
4257,topic5
4260,topic1
4261,topic1
4262,topic1
4264,topic1
4265,topic1
4266,topic7
4268,topic9
4269,topic4
4270,topic7
4271,topic5
4272,topic1
4273,topic1
4274,topic1
4275,topic1
4276,topic1
4279,topic1
4281,topic1
4282,topic2
4284,topic1
4288,topic1
4289,topic5
4292,topic1
4293,topic9
4295,topic1
4296,topic7
4297,topic10
4298,topic3
4299,topic4
4300,topic4
4301,topic4
4303,topic4
4304,topic4
4305,topic4
4306,topic4
4307,topic4
4309,topic4
4312,topic4
4313,topic4
4314,topic4
4317,topic5
4318,topic4
4320,topic4
4321,topic5
4322,topic4
4323,topic4
4324,topic7
4325,topic4
4326,topic1
4327,topic4
4328,topic3
4329,topic4
4330,topic9
4332,topic3
4333,topic4
4334,topic1
4335,topic4
4336,topic1
4337,topic4
4341,topic4
4342,topic4
4343,topic4
4345,topic4
4348,topic6
4349,topic1
4350,topic1
4351,topic1
4352,topic1
4353,topic1
4354,topic6
4355,topic7
4356,topic1
4357,topic1
4358,topic6
4359,topic1
4361,topic1
4362,topic6
4363,topic1
4365,topic6
4366,topic1
4368,topic1
4372,topic1
4373,topic1
4374,topic1
4375,topic6
4376,topic6
4377,topic6
4378,topic1
4379,topic1
4381,topic6
4382,topic1
4383,topic1
4384,topic6
4385,topic6
4387,topic1
4388,topic3
4391,topic1
4392,topic6
4393,topic6
4395,topic1
4396,topic6
4397,topic10
4398,topic1
4401,topic1
4402,topic7
4403,topic5
4405,topic8
4406,topic1
4407,topic3
4408,topic1
4410,topic1
4411,topic1
4412,topic1
4413,topic1
4415,topic1
4416,topic6
4421,topic1
4423,topic1
4424,topic1
4425,topic4
4426,topic5
4427,topic1
4428,topic1
4430,topic1
4432,topic1
4435,topic1
4436,topic1
4437,topic1
4438,topic7
4440,topic1
4441,topic1
4442,topic1
4444,topic1
4445,topic4
4448,topic8
4449,topic9
4450,topic1
4451,topic1
4452,topic9
4454,topic8
4455,topic6
4456,topic1
4457,topic10
4458,topic1
4459,topic1
4463,topic1
4464,topic1
4465,topic7
4466,topic8
4468,topic6
4470,topic1
4471,topic10
4472,topic3
4476,topic3
4478,topic2
4479,topic1
4480,topic1
4482,topic7
4486,topic7
4487,topic1
4488,topic6
4489,topic1
4490,topic9
4491,topic1
4492,topic7
4493,topic1
4494,topic1
4496,topic1
4498,topic1
4499,topic1
4503,topic1
4504,topic1
4507,topic1
4508,topic1
4509,topic1
4511,topic1
4514,topic1
4515,topic5
4516,topic1
4517,topic1
4518,topic1
4519,topic1
4520,topic1
4521,topic1
4522,topic8
4523,topic3
4524,topic1
4525,topic1
4526,topic1
4527,topic1
4528,topic1
4529,topic3
4530,topic7
4531,topic1
4533,topic1
4534,topic8
4537,topic1
4538,topic10
4539,topic1
4541,topic2
4542,topic1
4543,topic1
4544,topic1
4546,topic1
4547,topic1
4548,topic1
4549,topic1
4550,topic1
4551,topic1
4553,topic1
4556,topic1
4557,topic5
4561,topic1
4562,topic1
4563,topic1
4564,topic1
4565,topic1
4567,topic1
4568,topic1
4569,topic1
4571,topic6
4573,topic3
4575,topic1
4576,topic7
4577,topic1
4578,topic1
4579,topic1
4580,topic1
4582,topic7
4584,topic1
4585,topic1
4587,topic4
4588,topic1
4589,topic1
4590,topic1
4592,topic1
4593,topic1
4595,topic4
4596,topic1
4597,topic1
4598,topic1
4599,topic1
4600,topic1
4601,topic3
4602,topic1
4604,topic3
4606,topic1
4607,topic1
4608,topic1
4609,topic1
4610,topic1
4611,topic1
4614,topic1
4616,topic1
4617,topic1
4619,topic5
4620,topic1
4622,topic1
4624,topic1
4625,topic1
4627,topic1
4628,topic1
4630,topic1
4631,topic5
4632,topic9
4634,topic1
4635,topic1
4637,topic5
4639,topic1
4641,topic1
4642,topic1
4644,topic1
4646,topic3
4649,topic8
4650,topic8
4655,topic8
4656,topic4
4657,topic1
4658,topic8
4659,topic4
4661,topic1
4664,topic8
4666,topic1
4667,topic1
4669,topic4
4670,topic1
4671,topic8
4672,topic4
4673,topic1
4674,topic1
4675,topic1
4677,topic1
4678,topic9
4679,topic2
4680,topic1
4681,topic9
4682,topic1
4684,topic4
4687,topic7
4688,topic1
4689,topic8
4690,topic1
4691,topic4
4692,topic8
4693,topic8
4694,topic8
4695,topic1
4696,topic1
4697,topic1
4698,topic7
4699,topic1
4700,topic3
4702,topic3
4703,topic1
4704,topic9
4705,topic1
4706,topic9
4707,topic1
4708,topic1
4709,topic1
4710,topic1
4711,topic7
4712,topic4
4713,topic1
4714,topic10
4715,topic1
4716,topic10
4717,topic6
4719,topic1
4720,topic1
4722,topic1
4723,topic1
4724,topic10
4725,topic1
4726,topic7
4729,topic1
4730,topic1
4731,topic1
4732,topic1
4734,topic5
4735,topic1
4736,topic2
4737,topic1
4738,topic6
4739,topic5
4740,topic1
4742,topic3
4744,topic1
4745,topic1
4747,topic1
4748,topic1
4749,topic10
4750,topic1
4752,topic1
4753,topic6
4754,topic6
4755,topic1
4757,topic10
4758,topic1
4759,topic1
4760,topic3
4762,topic10
4765,topic8
4766,topic1
4768,topic3
4769,topic7
4770,topic1
4771,topic6
4773,topic1
4774,topic6
4775,topic1
4777,topic6
4778,topic1
4779,topic6
4782,topic1
4783,topic1
4784,topic1
4785,topic3
4786,topic1
4787,topic1
4788,topic1
4789,topic6
4790,topic1
4791,topic8
4793,topic1
4794,topic1
4795,topic1
4797,topic1
4798,topic1
4799,topic1
4800,topic1
4802,topic5
4803,topic1
4807,topic6
4808,topic8
4809,topic5
4810,topic1
4812,topic1
4813,topic7
4814,topic1
4819,topic1
4820,topic1
4821,topic1
4823,topic4
4825,topic5
4826,topic1
4828,topic1
4829,topic1
4830,topic1
4831,topic3
4832,topic1
4833,topic1
4834,topic1
4835,topic1
4836,topic1
4840,topic1
4842,topic1
4843,topic1
4844,topic2
4845,topic1
4846,topic1
4847,topic1
4848,topic1
4849,topic1
4850,topic1
4852,topic1
4853,topic7
4854,topic1
4856,topic1
4857,topic5
4858,topic1
4859,topic6
4860,topic1
4864,topic7
4866,topic3
4867,topic1
4868,topic1
4869,topic1
4870,topic10
4872,topic7
4874,topic1
4875,topic5
4876,topic7
4877,topic10
4878,topic10
4879,topic7
4881,topic7
4882,topic5
4883,topic1
4884,topic1
4887,topic3
4888,topic5
4889,topic6
4890,topic1
4891,topic3
4892,topic1
4893,topic1
4894,topic1
4895,topic1
4896,topic10
4897,topic1
4898,topic1
4899,topic3
4900,topic5
4901,topic5
4903,topic3
4905,topic3
4906,topic1
4908,topic1
4909,topic1
4910,topic10
4911,topic1
4912,topic1
4913,topic2
4914,topic1
4915,topic1
4917,topic6
4918,topic1
4919,topic1
4920,topic7
4922,topic1
4923,topic1
4924,topic2
4926,topic9
4929,topic1
4931,topic3
4934,topic9
4935,topic1
4936,topic10
4938,topic1
4940,topic1
4943,topic9
4944,topic1
4945,topic1
4946,topic2
4948,topic1
4951,topic1
4952,topic3
4953,topic1
4954,topic1
4955,topic1
4957,topic6
4958,topic9
4959,topic1
4961,topic7
4962,topic1
4964,topic9
4966,topic1
4967,topic1
4968,topic1
4969,topic10
4970,topic1
4971,topic3
4972,topic1
4973,topic1
4974,topic7
4975,topic6
4978,topic4
4979,topic1
4980,topic1
4981,topic3
4982,topic1
4983,topic1
4984,topic5
4985,topic5
4986,topic7
4988,topic1
4989,topic1
4990,topic1
4992,topic7
4993,topic7
4995,topic6
4996,topic1
4997,topic1
4998,topic1
5000,topic2
5001,topic3
5002,topic7
5004,topic1
5005,topic1
5007,topic5
5008,topic1
5010,topic1
5013,topic1
5015,topic1
5016,topic1
5017,topic6
5018,topic2
5019,topic10
5022,topic6
5024,topic2
5025,topic10
5027,topic1
5028,topic8
5029,topic10
5032,topic1
5033,topic1
5034,topic2
5035,topic2
5037,topic2
5038,topic6
5039,topic6
5040,topic2
5041,topic1
5043,topic1
5044,topic1
5046,topic2
5047,topic10
5049,topic6
5050,topic1
5052,topic1
5055,topic1
5056,topic9
5059,topic1
5060,topic6
5061,topic1
5062,topic1
5063,topic1
5064,topic1
5065,topic1
5067,topic6
5068,topic2
5069,topic1
5071,topic1
5072,topic1
5073,topic1
5074,topic1
5075,topic1
5076,topic7
5078,topic1
5079,topic1
5080,topic7
5082,topic1
5083,topic5
5085,topic9
5087,topic1
5088,topic1
5089,topic1
5092,topic1
5094,topic1
5095,topic7
5096,topic1
5097,topic1
5098,topic1
5099,topic1
5101,topic1
5102,topic1
5103,topic1
5104,topic1
5105,topic4
5106,topic3
5107,topic1
5109,topic1
5110,topic6
5113,topic1
5114,topic9
5115,topic1
5116,topic1
5117,topic1
5119,topic1
5120,topic1
5122,topic9
5124,topic9
5125,topic8
5126,topic1
5127,topic1
5128,topic1
5130,topic1
5131,topic9
5132,topic9
5134,topic10
5135,topic8
5136,topic1
5137,topic1
5138,topic5
5139,topic7
5140,topic1
5141,topic3
5142,topic1
5144,topic1
5145,topic1
5146,topic1
5148,topic1
5149,topic1
5150,topic1
5152,topic8
5153,topic1
5154,topic1
5155,topic1
5157,topic1
5159,topic1
5160,topic1
5162,topic9
5164,topic7
5165,topic1
5166,topic1
5168,topic5
5169,topic1
5170,topic5
5171,topic1
5172,topic1
5174,topic1
5175,topic1
5176,topic1
5177,topic3
5178,topic1
5179,topic1
5180,topic1
5181,topic1
5182,topic1
5183,topic1
5184,topic7
5185,topic10
5186,topic1
5187,topic1
5188,topic1
5189,topic2
5190,topic1
5191,topic1
5192,topic1
5193,topic10
5194,topic1
5195,topic1
5196,topic8
5197,topic1
5198,topic1
5199,topic10
5200,topic1
5201,topic1
5202,topic1
5203,topic8
5204,topic1
5206,topic2
5207,topic1
5208,topic1
5209,topic2
5210,topic1
5211,topic1
5212,topic1
5213,topic1
5218,topic1
5219,topic10
5220,topic1
5221,topic1
5222,topic1
5223,topic7
5224,topic1
5226,topic1
5227,topic1
5228,topic8
5229,topic1
5230,topic6
5231,topic1
5232,topic1
5233,topic1
5234,topic1
5235,topic1
5236,topic1
5238,topic3
5242,topic1
5243,topic1
5244,topic10
5245,topic1
5247,topic8
5248,topic1
5249,topic1
5251,topic10
5252,topic7
5254,topic1
5255,topic10
5256,topic10
5257,topic1
5259,topic1
5260,topic1
5262,topic1
5263,topic1
5264,topic6
5265,topic1
5266,topic9
5267,topic5
5269,topic5
5270,topic1
5271,topic1
5272,topic1
5273,topic10
5274,topic1
5276,topic7
5278,topic4
5280,topic10
5281,topic1
5282,topic5
5283,topic1
5284,topic5
5285,topic1
5286,topic1
5287,topic5
5290,topic1
5291,topic4
5292,topic6
5293,topic9
5295,topic1
5296,topic4
5297,topic1
5298,topic1
5299,topic1
5300,topic4
5301,topic6
5302,topic1
5304,topic1
5305,topic5
5306,topic1
5308,topic1
5309,topic1
5310,topic1
5313,topic1
5315,topic1
5316,topic1
5317,topic3
5319,topic1
5320,topic1
5321,topic1
5322,topic1
5323,topic1
5324,topic1
5325,topic1
5326,topic1
5328,topic1
5330,topic1
5331,topic1
5332,topic1
5335,topic1
5336,topic10
5337,topic1
5338,topic1
5339,topic7
5341,topic7
5342,topic6
5343,topic7
5344,topic1
5345,topic9
5346,topic1
5347,topic6
5349,topic1
5350,topic1
5351,topic1
5352,topic1
5353,topic1
5354,topic1
5355,topic1
5356,topic7
5357,topic1
5359,topic6
5362,topic8
5365,topic10
5366,topic3
5367,topic1
5368,topic7
5371,topic1
5372,topic1
5373,topic7
5375,topic1
5377,topic1
5378,topic1
5379,topic1
5380,topic3
5381,topic1
5382,topic3
5383,topic1
5384,topic5
5385,topic10
5386,topic1
5387,topic3
5389,topic1
5391,topic1
5392,topic1
5396,topic1
5397,topic1
5400,topic1
5403,topic1
5404,topic1
5406,topic1
5407,topic1
5408,topic1
5409,topic3
5410,topic1
5411,topic1
5412,topic2
5413,topic1
5416,topic1
5417,topic1
5418,topic1
5420,topic1
5423,topic7
5425,topic1
5426,topic3
5428,topic1
5430,topic2
5432,topic1
5437,topic6
5439,topic1
5442,topic1
5443,topic1
5444,topic1
5445,topic1
5446,topic1
5448,topic1
5449,topic5
5450,topic1
5452,topic1
5454,topic8
5455,topic5
5458,topic1
5459,topic3
5460,topic1
5461,topic7
5462,topic7
5465,topic7
5466,topic10
5467,topic1
5468,topic1
5469,topic1
5471,topic1
5473,topic5
5475,topic5
5476,topic1
5477,topic7
5479,topic5
5480,topic3
5481,topic7
5482,topic2
5484,topic1
5485,topic7
5486,topic3
5487,topic1
5488,topic1
5489,topic1
5491,topic1
5492,topic1
5493,topic7
5494,topic1
5495,topic5
5496,topic5
5497,topic1
5498,topic1
5499,topic6
5501,topic1
5502,topic1
5503,topic1
5505,topic1
5506,topic1
5507,topic10
5509,topic1
5510,topic1
5514,topic1
5515,topic8
5517,topic7
5518,topic1
5519,topic1
5520,topic1
5521,topic1
5522,topic9
5524,topic2
5525,topic1
5526,topic1
5528,topic1
5529,topic4
5531,topic1
5532,topic1
5534,topic1
5535,topic1
5538,topic3
5539,topic1
5540,topic1
5541,topic1
5544,topic6
5545,topic1
5547,topic3
5548,topic2
5552,topic1
5553,topic1
5554,topic1
5555,topic1
5556,topic1
5557,topic7
5558,topic7
5559,topic1
5560,topic7
5561,topic1
5563,topic1
5564,topic1
5565,topic1
5567,topic1
5569,topic1
5570,topic8
5573,topic1
5575,topic1
5576,topic6
5577,topic1
5578,topic1
5579,topic1
5580,topic8
5581,topic5
5582,topic1
5584,topic1
5586,topic1
5587,topic7
5588,topic8
5589,topic1
5590,topic1
5592,topic8
5593,topic1
5594,topic1
5595,topic1
5598,topic1
5599,topic1
5600,topic1
5602,topic1
5603,topic1
5604,topic1
5605,topic1
5608,topic1
5609,topic1
5611,topic4
5612,topic1
5613,topic1
5614,topic1
5617,topic1
5618,topic1
5619,topic1
5620,topic1
5621,topic1
5622,topic3
5624,topic3
5625,topic5
5626,topic1
5627,topic5
5628,topic1
5629,topic5
5631,topic1
5632,topic1
5633,topic1
5634,topic7
5635,topic1
5638,topic1
5641,topic1
5642,topic1
5644,topic1
5645,topic1
5646,topic1
5647,topic1
5650,topic10
5651,topic1
5652,topic1
5653,topic1
5654,topic5
5655,topic1
5656,topic1
5657,topic1
5658,topic1
5659,topic3
5661,topic1
5662,topic1
5663,topic1
5664,topic5
5665,topic3
5668,topic1
5669,topic7
5670,topic3
5671,topic1
5672,topic10
5673,topic6
5674,topic9
5675,topic3
5676,topic10
5677,topic2
5680,topic1
5683,topic1
5684,topic1
5685,topic1
5686,topic1
5687,topic1
5688,topic1
5689,topic3
5690,topic1
5692,topic5
5693,topic1
5694,topic1
5695,topic1
5698,topic7
5699,topic1
5703,topic1
5704,topic1
5705,topic1
5706,topic1
5707,topic1
5710,topic1
5711,topic1
5712,topic1
5713,topic10
5714,topic1
5715,topic1
5716,topic1
5717,topic3
5719,topic1
5720,topic1
5721,topic10
5722,topic1
5724,topic1
5726,topic1
5727,topic10
5729,topic4
5730,topic4
5732,topic1
5733,topic1
5734,topic1
5736,topic6
5739,topic6
5740,topic6
5741,topic6
5743,topic6
5744,topic6
5745,topic6
5746,topic6
5748,topic6
5751,topic6
5752,topic6
5753,topic7
5754,topic6
5757,topic1
5758,topic6
5759,topic6
5760,topic6
5763,topic6
5764,topic6
5765,topic6
5766,topic6
5769,topic6
5771,topic6
5772,topic6
5775,topic6
5776,topic6
5777,topic6
5778,topic5
5780,topic6
5781,topic6
5783,topic6
5784,topic1
5789,topic1
5790,topic1
5791,topic10
5792,topic7
5793,topic1
5794,topic1
5795,topic1
5797,topic1
5798,topic1
5799,topic1
5800,topic4
5801,topic10
5803,topic1
5804,topic1
5805,topic7
5807,topic1
5808,topic1
5812,topic8
5814,topic1
5815,topic7
5816,topic9
5817,topic1
5818,topic1
5819,topic1
5821,topic1
5822,topic2
5824,topic1
5825,topic7
5826,topic1
5827,topic1
5828,topic7
5829,topic5
5832,topic1
5833,topic4
5834,topic1
5835,topic1
5836,topic1
5837,topic1
5840,topic1
5841,topic1
5842,topic1
5843,topic6
5845,topic5
5847,topic1
5848,topic4
5849,topic1
5850,topic1
5853,topic1
5854,topic1
5855,topic1
5856,topic1
5858,topic1
5861,topic1
5863,topic1
5864,topic1
5867,topic1
5868,topic1
5869,topic1
5870,topic1
5873,topic5
5874,topic4
5875,topic6
5876,topic2
5881,topic1
5882,topic4
5883,topic1
5884,topic1
5885,topic5
5886,topic3
5887,topic1
5888,topic1
5889,topic1
5890,topic3
5891,topic1
5892,topic1
5893,topic1
5894,topic1
5896,topic5
5898,topic3
5899,topic3
5900,topic5
5901,topic9
5902,topic1
5903,topic10
5904,topic1
5905,topic10
5906,topic1
5907,topic1
5908,topic1
5909,topic1
5911,topic5
5912,topic1
5913,topic1
5916,topic5
5918,topic1
5919,topic1
5920,topic1
5921,topic3
5922,topic8
5923,topic6
5925,topic1
5927,topic5
5928,topic5
5929,topic1
5930,topic6
5932,topic7
5933,topic5
5934,topic3
5935,topic1
5937,topic1
5938,topic3
5939,topic1
5942,topic7
5943,topic1
5944,topic10
5947,topic6
5949,topic1
5950,topic1
5952,topic5
5953,topic1
5954,topic1
5955,topic1
5956,topic1
5957,topic1
5958,topic1
5959,topic1
5960,topic1
5961,topic1
5962,topic1
5963,topic1
5964,topic6
5965,topic7
5966,topic1
5972,topic1
5974,topic1
5975,topic1
5978,topic10
5979,topic3
5980,topic3
5981,topic1
5982,topic1
5983,topic1
5985,topic1
5987,topic10
5988,topic1
5989,topic1
5990,topic1
5991,topic1
5992,topic1
5995,topic1
5996,topic1
5997,topic5
5998,topic1
5999,topic1
6000,topic5
6001,topic1
6002,topic6
6003,topic1
6004,topic1
6007,topic1
6009,topic1
6012,topic1
6013,topic1
6015,topic1
6017,topic1
6019,topic1
6020,topic5
6022,topic1
6023,topic1
6024,topic1
6026,topic1
6027,topic8
6030,topic1
6031,topic1
6032,topic5
6033,topic1
6034,topic1
6036,topic1
6037,topic1
6038,topic1
6039,topic1
6041,topic5
6043,topic1
6045,topic6
6047,topic1
6048,topic1
6049,topic8
6050,topic1
6051,topic1
6053,topic4
6055,topic1
6056,topic1
6057,topic1
6058,topic1
6059,topic10
6060,topic6
6061,topic1
6064,topic1
6065,topic5
6066,topic1
6069,topic1
6070,topic1
6071,topic1
6072,topic1
6073,topic2
6074,topic1
6075,topic4
6076,topic5
6078,topic1
6083,topic4
6084,topic1
6085,topic1
6086,topic5
6087,topic1
6088,topic1
6090,topic1
6091,topic4
6092,topic1
6093,topic3
6094,topic5
6096,topic1
6097,topic1
6098,topic3
6099,topic1
6100,topic8
6102,topic5
6103,topic1
6104,topic3
6105,topic5
6106,topic8
6108,topic1
6109,topic6
6110,topic1
6111,topic1
6112,topic1
6113,topic3
6115,topic7
6116,topic1
6118,topic1
6119,topic3
6120,topic8
6123,topic5
6125,topic1
6126,topic1
6127,topic1
6128,topic8
6130,topic1
6132,topic1
6133,topic1
6134,topic3
6135,topic1
6137,topic6
6138,topic1
6140,topic1
6141,topic5
6145,topic5
6146,topic1
6147,topic1
6148,topic1
6150,topic1
6151,topic1
6152,topic1
6153,topic1
6154,topic1
6156,topic8
6159,topic1
6160,topic1
6162,topic1
6163,topic5
6164,topic1
6165,topic1
6166,topic1
6167,topic1
6169,topic1
6170,topic1
6171,topic1
6173,topic1
6174,topic1
6175,topic7
6178,topic1
6181,topic1
6183,topic1
6184,topic9
6185,topic1
6187,topic6
6188,topic1
6191,topic1
6192,topic6
6193,topic1
6195,topic1
6196,topic1
6197,topic1
6198,topic9
6199,topic1
6200,topic1
6201,topic1
6202,topic1
6203,topic1
6206,topic1
6207,topic1
6208,topic1
6211,topic6
6213,topic6
6215,topic6
6216,topic1
6217,topic6
6218,topic1
6219,topic6
6220,topic1
6222,topic6
6223,topic1
6224,topic1
6226,topic1
6227,topic1
6230,topic1
6232,topic1
6233,topic1
6234,topic6
6240,topic1
6241,topic1
6243,topic1
6244,topic1
6245,topic1
6246,topic1
6247,topic1
6248,topic1
6253,topic1
6254,topic1
6255,topic1
6256,topic1
6257,topic1
6258,topic6
6259,topic1
6261,topic1
6262,topic1
6263,topic1
6265,topic1
6267,topic1
6268,topic1
6269,topic1
6271,topic1
6272,topic1
6273,topic1
6274,topic1
6276,topic1
6277,topic1
6278,topic1
6281,topic1
6282,topic1
6283,topic1
6292,topic7
6293,topic1
6294,topic1
6296,topic5
6297,topic1
6299,topic10
6300,topic1
6301,topic1
6302,topic7
6303,topic1
6304,topic1
6305,topic7
6306,topic1
6310,topic10
6311,topic1
6312,topic1
6314,topic1
6315,topic1
6317,topic1
6318,topic1
6320,topic8
6322,topic5
6323,topic1
6325,topic2
6326,topic1
6328,topic7
6329,topic1
6330,topic8
6331,topic9
6332,topic1
6334,topic1
6335,topic1
6336,topic1
6337,topic1
6338,topic1
6339,topic1
6340,topic4
6341,topic1
6342,topic1
6343,topic5
6344,topic1
6345,topic1
6346,topic4
6347,topic1
6348,topic1
6349,topic1
6350,topic1
6354,topic6
6355,topic1
6356,topic1
6358,topic1
6361,topic1
6362,topic5
6363,topic1
6365,topic1
6366,topic1
6369,topic1
6370,topic7
6371,topic1
6372,topic6
6373,topic1
6374,topic1
6375,topic6
6376,topic1
6380,topic1
6382,topic1
6383,topic1
6384,topic1
6385,topic7
6386,topic1
6387,topic1
6388,topic1
6389,topic4
6391,topic1
6392,topic1
6393,topic1
6394,topic6
6395,topic1
6396,topic1
6397,topic1
6398,topic5
6399,topic1
6400,topic1
6402,topic1
6403,topic1
6404,topic1
6405,topic1
6406,topic1
6407,topic1
6410,topic1
6412,topic7
6413,topic7
6414,topic1
6415,topic1
6416,topic5
6417,topic1
6418,topic4
6420,topic4
6421,topic1
6422,topic1
6423,topic1
6425,topic1
6427,topic1
6429,topic1
6430,topic5
6434,topic10
6436,topic8
6438,topic3
6440,topic1
6441,topic1
6443,topic1
6445,topic1
6446,topic8
6448,topic5
6449,topic1
6450,topic1
6451,topic1
6452,topic1
6453,topic6
6454,topic1
6455,topic4
6458,topic5
6459,topic8
6461,topic8
6462,topic1
6463,topic1
6464,topic5
6465,topic1
6466,topic1
6467,topic4
6469,topic1
6470,topic1
6472,topic4
6473,topic4
6474,topic8
6477,topic5
6478,topic10
6480,topic8
6481,topic1
6482,topic1
6484,topic5
6485,topic1
6486,topic1
6490,topic1
6491,topic7
6492,topic6
6493,topic1
6494,topic9
6495,topic8
6497,topic1
6499,topic5
6500,topic1
6501,topic8
6504,topic1
6505,topic1
6506,topic8
6510,topic1
6511,topic7
6512,topic7
6513,topic1
6514,topic1
6515,topic6
6516,topic1
6518,topic1
6519,topic1
6520,topic1
6523,topic1
6525,topic1
6527,topic3
6528,topic1
6529,topic1
6530,topic1
6532,topic1
6534,topic1
6535,topic1
6536,topic1
6537,topic1
6540,topic1
6541,topic1
6542,topic1
6543,topic1
6545,topic10
6546,topic5
6547,topic6
6548,topic1
6549,topic1
6550,topic1
6551,topic3
6552,topic3
6553,topic6
6554,topic1
6555,topic1
6556,topic1
6559,topic1
6560,topic1
6561,topic1
6565,topic1
6566,topic1
6567,topic6
6568,topic1
6569,topic7
6570,topic1
6571,topic1
6572,topic1
6573,topic1
6575,topic5
6576,topic6
6577,topic1
6579,topic5
6580,topic1
6582,topic1
6583,topic1
6585,topic7
6586,topic9
6588,topic5
6591,topic1
6593,topic6
6594,topic1
6596,topic7
6597,topic3
6598,topic1
6601,topic5
6602,topic10
6603,topic1
6604,topic7
6605,topic1
6607,topic1
6608,topic1
6610,topic7
6611,topic8
6613,topic1
6614,topic7
6616,topic5
6617,topic5
6619,topic4
6621,topic5
6622,topic1
6624,topic1
6625,topic1
6626,topic1
6627,topic3
6628,topic7
6629,topic6
6630,topic1
6631,topic1
6632,topic1
6634,topic1
6635,topic1
6636,topic1
6637,topic3
6638,topic4
6642,topic3
6643,topic2
6644,topic1
6646,topic1
6647,topic1
6648,topic1
6649,topic1
6653,topic1
6654,topic1
6655,topic6
6656,topic1
6658,topic1
6660,topic1
6661,topic1
6662,topic1
6663,topic1
6664,topic3
6665,topic5
6667,topic9
6668,topic1
6669,topic1
6670,topic1
6672,topic8
6675,topic6
6676,topic6
6678,topic1
6679,topic1
6681,topic8
6682,topic1
6683,topic1
6686,topic10
6687,topic1
6688,topic1
6689,topic1
6690,topic5
6693,topic3
6694,topic1
6695,topic1
6697,topic4
6699,topic1
6700,topic7
6701,topic1
6702,topic7
6703,topic1
6706,topic3
6707,topic8
6708,topic1
6709,topic1
6711,topic1
6712,topic1
6714,topic10
6716,topic1
6719,topic1
6721,topic1
6722,topic3
6723,topic10
6724,topic10
6725,topic7
6726,topic1
6727,topic1
6729,topic1
6730,topic2
6731,topic1
6734,topic1
6735,topic1
6736,topic1
6737,topic7
6738,topic5
6742,topic1
6744,topic1
6745,topic1
6746,topic1
6748,topic1
6749,topic1
6751,topic1
6754,topic1
6756,topic1
6757,topic1
6758,topic1
6759,topic8
6760,topic1
6762,topic1
6764,topic1
6765,topic1
6766,topic6
6767,topic1
6769,topic1
6772,topic1
6773,topic7
6774,topic1
6775,topic4
6776,topic1
6779,topic1
6781,topic1
6783,topic1
6784,topic1
6785,topic1
6787,topic8
6788,topic4
6789,topic1
6790,topic1
6792,topic8
6793,topic1
6794,topic1
6795,topic1
6796,topic5
6799,topic6
6800,topic6
6801,topic1
6802,topic1
6804,topic6
6806,topic10
6807,topic6
6808,topic6
6809,topic6
6810,topic1
6811,topic5
6813,topic6
6814,topic5
6815,topic3
6817,topic1
6819,topic6
6820,topic6
6821,topic8
6823,topic6
6824,topic6
6828,topic1
6830,topic6
6832,topic6
6833,topic4
6834,topic6
6835,topic1
6837,topic6
6839,topic7
6841,topic1
6843,topic3
6844,topic6
6845,topic1
6847,topic6
6848,topic9
6849,topic1
6850,topic1
6852,topic1
6854,topic5
6855,topic1
6857,topic1
6858,topic1
6860,topic5
6861,topic1
6862,topic6
6863,topic1
6864,topic1
6867,topic2
6870,topic1
6872,topic5
6874,topic10
6875,topic1
6876,topic1
6877,topic1
6878,topic5
6879,topic3
6880,topic3
6881,topic10
6882,topic5
6883,topic5
6884,topic1
6885,topic8
6890,topic1
6892,topic1
6893,topic1
6896,topic4
6897,topic5
6898,topic9
6900,topic1
6903,topic1
6905,topic7
6907,topic1
6908,topic3
6909,topic1
6910,topic1
6911,topic7
6912,topic6
6913,topic10
6914,topic7
6915,topic1
6916,topic1
6917,topic7
6918,topic6
6919,topic1
6920,topic1
6921,topic1
6925,topic1
6926,topic1
6928,topic1
6929,topic1
6930,topic1
6931,topic1
6932,topic6
6933,topic1
6935,topic6
6936,topic9
6937,topic1
6939,topic1
6940,topic1
6943,topic1
6945,topic7
6946,topic1
6948,topic8
6949,topic1
6950,topic1
6951,topic1
6953,topic1
6954,topic1
6955,topic9
6956,topic5
6959,topic1
6960,topic9
6961,topic7
6962,topic5
6963,topic1
6965,topic4
6966,topic1
6967,topic1
6970,topic1
6971,topic10
6972,topic1
6973,topic2
6974,topic6
6975,topic5
6977,topic1
6978,topic1
6979,topic1
6980,topic5
6981,topic5
6983,topic1
6984,topic3
6985,topic1
6988,topic1
6990,topic5
6992,topic1
6994,topic1
6996,topic3
6998,topic1
6999,topic3
7001,topic1
7002,topic10
7005,topic1
7006,topic7
7008,topic1
7009,topic10
7010,topic1
7012,topic1
7013,topic7
7015,topic5
7018,topic10
7019,topic6
7021,topic1
7023,topic1
7024,topic1
7025,topic1
7026,topic1
7027,topic10
7029,topic1
7030,topic1
7031,topic3
7032,topic1
7036,topic1
7037,topic10
7039,topic1
7043,topic10
7044,topic5
7046,topic1
7047,topic1
7048,topic1
7050,topic1
7051,topic1
7052,topic1
7053,topic1
7054,topic4
7056,topic1
7058,topic1
7059,topic8
7060,topic7
7061,topic1
7063,topic1
7065,topic5
7068,topic7
7069,topic10
7070,topic1
7071,topic1
7073,topic7
7074,topic1
7075,topic1
7076,topic1
7077,topic1
7078,topic1
7080,topic1
7081,topic1
7086,topic5
7088,topic1
7089,topic1
7091,topic1
7092,topic5
7093,topic1
7095,topic1
7097,topic7
7098,topic1
7104,topic1
7105,topic3
7106,topic5
7108,topic10
7109,topic1
7111,topic1
7112,topic1
7114,topic1
7115,topic1
7116,topic10
7118,topic3
7120,topic5
7121,topic4
7122,topic1
7124,topic5
7125,topic3
7126,topic1
7128,topic2
7129,topic4
7130,topic1
7131,topic1
7132,topic4
7134,topic4
7135,topic5
7136,topic1
7137,topic5
7138,topic6
7140,topic1
7141,topic6
7142,topic1
7144,topic3
7146,topic1
7147,topic7
7148,topic1
7149,topic1
7150,topic3
7154,topic1
7155,topic7
7157,topic1
7158,topic10
7159,topic7
7160,topic7
7161,topic1
7163,topic1
7164,topic1
7165,topic1
7166,topic7
7167,topic1
7168,topic7
7169,topic1
7171,topic1
7173,topic7
7174,topic7
7175,topic7
7176,topic9
7178,topic1
7179,topic1
7180,topic1
7183,topic1
7184,topic1
7185,topic1
7186,topic1
7187,topic1
7188,topic1
7191,topic1
7192,topic7
7193,topic6
7194,topic7
7195,topic10
7196,topic10
7197,topic4
7198,topic10
7199,topic10
7201,topic1
7202,topic1
7203,topic10
7204,topic10
7205,topic9
7206,topic10
7208,topic10
7210,topic10
7211,topic7
7213,topic7
7214,topic10
7215,topic10
7218,topic7
7221,topic10
7223,topic1
7224,topic10
7226,topic5
7227,topic10
7228,topic10
7229,topic10
7230,topic1
7231,topic10
7232,topic5
7234,topic5
7235,topic10
7236,topic10
7241,topic1
7242,topic10
7244,topic10
7247,topic10
7248,topic6
7250,topic10
7251,topic6
7252,topic10
7253,topic10
7254,topic10
7255,topic10
7256,topic10
7260,topic5
7261,topic10
7264,topic5
7265,topic10
7266,topic10
7267,topic5
7268,topic2
7270,topic9
7272,topic10
7274,topic10
7275,topic5
7277,topic10
7278,topic10
7280,topic10
7281,topic9
7283,topic5
7285,topic10
7286,topic4
7287,topic1
7288,topic10
7289,topic2
7290,topic3
7291,topic5
7292,topic10
7294,topic4
7295,topic1
7296,topic5
7297,topic5
7299,topic5
7300,topic5
7301,topic5
7302,topic9
7306,topic1
7307,topic5
7309,topic1
7310,topic7
7311,topic5
7312,topic5
7315,topic5
7316,topic1
7317,topic5
7318,topic5
7319,topic3
7320,topic5
7323,topic5
7324,topic5
7325,topic5
7326,topic1
7328,topic1
7329,topic5
7330,topic5
7331,topic7
7332,topic5
7334,topic5
7335,topic6
7337,topic5
7338,topic5
7340,topic2
7342,topic5
7343,topic1
7344,topic5
7345,topic1
7348,topic1
7350,topic3
7352,topic5
7354,topic1
7355,topic1
7356,topic7
7357,topic1
7358,topic1
7359,topic1
7360,topic1
7361,topic3
7362,topic4
7365,topic1
7366,topic10
7367,topic6
7369,topic10
7371,topic4
7372,topic5
7373,topic10
7374,topic5
7377,topic6
7378,topic1
7380,topic1
7381,topic1
7383,topic5
7386,topic4
7390,topic6
7391,topic10
7392,topic4
7393,topic1
7395,topic8
7397,topic1
7400,topic1
7402,topic8
7403,topic7
7405,topic1
7407,topic4
7408,topic6
7410,topic7
7412,topic6
7413,topic1
7414,topic1
7415,topic1
7416,topic1
7418,topic1
7419,topic7
7421,topic4
7424,topic1
7425,topic7
7426,topic1
7428,topic1
7430,topic1
7431,topic1
7433,topic2
7434,topic1
7437,topic1
7438,topic1
7439,topic8
7442,topic3
7443,topic7
7444,topic3
7446,topic5
7447,topic1
7451,topic5
7452,topic1
7453,topic1
7456,topic3
7457,topic1
7458,topic5
7459,topic1
7461,topic1
7463,topic1
7465,topic1
7467,topic7
7470,topic7
7473,topic1
7474,topic1
7475,topic1
7476,topic1
7477,topic10
7478,topic1
7479,topic5
7480,topic10
7481,topic1
7482,topic1
7488,topic1
7490,topic1
7491,topic5
7493,topic1
7494,topic6
7496,topic7
7497,topic6
7498,topic1
7501,topic1
7502,topic6
7503,topic1
7504,topic1
7505,topic1
7507,topic1
7510,topic1
7512,topic1
7513,topic1
7514,topic1
7515,topic4
7517,topic6
7518,topic1
7519,topic2
7520,topic1
7521,topic1
7522,topic6
7523,topic6
7525,topic6
7526,topic1
7527,topic1
7528,topic6
7529,topic1
7530,topic1
7531,topic1
7532,topic1
7533,topic6
7534,topic6
7535,topic1
7536,topic6
7537,topic1
7540,topic1
7542,topic1
7543,topic1
7544,topic6
7545,topic1
7547,topic1
7548,topic1
7550,topic1
7551,topic1
7552,topic1
7553,topic4
7554,topic1
7555,topic1
7556,topic1
7557,topic1
7558,topic1
7559,topic1
7560,topic1
7561,topic1
7563,topic1
7565,topic1
7566,topic1
7568,topic5
7569,topic1
7570,topic1
7571,topic7
7573,topic1
7576,topic1
7577,topic1
7578,topic1
7579,topic1
7580,topic1
7581,topic1
7582,topic1
7583,topic1
7584,topic6
7585,topic6
7587,topic6
7588,topic1
7589,topic1
7590,topic1
7591,topic1
7593,topic1
7594,topic1
7595,topic1
7598,topic1
7600,topic1
7601,topic1
7602,topic1
7603,topic3
7604,topic7
7605,topic1
7607,topic1
7608,topic1
7609,topic1
7610,topic1
7611,topic1
7612,topic1
7613,topic1
7614,topic5
7616,topic3
7617,topic1
7619,topic5
7621,topic1
7622,topic1
7623,topic1
7626,topic1
7627,topic1
7628,topic6
7630,topic1
7631,topic10
7633,topic1
7634,topic10
7635,topic1
7638,topic1
7639,topic2
7640,topic6
7641,topic1
7642,topic1
7643,topic1
7644,topic1
7645,topic6
7647,topic5
7648,topic1
7649,topic1
7650,topic5
7651,topic4
7652,topic3
7653,topic10
7654,topic6
7656,topic1
7657,topic7
7659,topic10
7661,topic8
7662,topic3
7663,topic1
7668,topic5
7669,topic5
7670,topic1
7671,topic10
7672,topic7
7674,topic1
7675,topic1
7677,topic3
7678,topic10
7679,topic5
7680,topic1
7681,topic1
7683,topic7
7685,topic1
7686,topic7
7687,topic10
7688,topic1
7689,topic10
7691,topic6
7692,topic2
7693,topic1
7694,topic1
7695,topic1
7696,topic1
7698,topic1
7699,topic1
7701,topic7
7702,topic8
7703,topic1
7707,topic1
7711,topic1
7712,topic1
7714,topic7
7715,topic1
7717,topic5
7718,topic1
7719,topic9
7720,topic1
7721,topic1
7722,topic5
7723,topic1
7724,topic1
7725,topic7
7727,topic1
7728,topic5
7731,topic7
7733,topic1
7735,topic5
7736,topic1
7737,topic1
7738,topic1
7739,topic5
7742,topic1
7743,topic1
7744,topic5
7746,topic8
7747,topic8
7748,topic8
7749,topic8
7750,topic8
7751,topic8
7752,topic8
7753,topic3
7754,topic8
7755,topic8
7756,topic8
7758,topic8
7759,topic8
7760,topic9
7761,topic8
7763,topic8
7764,topic8
7765,topic8
7766,topic8
7767,topic8
7768,topic9
7769,topic8
7771,topic1
7772,topic8
7773,topic8
7774,topic8
7775,topic8
7780,topic8
7781,topic8
7783,topic8
7784,topic9
7785,topic8
7787,topic8
7788,topic8
7789,topic8
7790,topic8
7793,topic8
7797,topic1
7799,topic1
7800,topic1
7801,topic1
7802,topic1
7803,topic1
7804,topic1
7807,topic1
7809,topic1
7810,topic1
7812,topic1
7813,topic1
7815,topic1
7816,topic1
7817,topic1
7818,topic1
7821,topic1
7822,topic1
7823,topic1
7824,topic1
7826,topic1
7827,topic1
7828,topic1
7830,topic1
7831,topic1
7832,topic1
7833,topic1
7835,topic1
7837,topic1
7839,topic1
7840,topic1
7842,topic1
7843,topic1
7844,topic1
7847,topic7
7848,topic5
7849,topic7
7850,topic7
7851,topic7
7852,topic1
7854,topic7
7855,topic7
7857,topic1
7860,topic7
7861,topic1
7862,topic7
7863,topic7
7864,topic1
7865,topic1
7867,topic1
7868,topic5
7869,topic1
7870,topic7
7871,topic7
7872,topic7
7873,topic5
7874,topic1
7876,topic7
7877,topic1
7878,topic1
7880,topic6
7881,topic1
7882,topic7
7883,topic7
7885,topic5
7887,topic1
7888,topic1
7889,topic7
7891,topic1
7893,topic7
7894,topic7
7895,topic1
7897,topic10
7898,topic1
7902,topic1
7903,topic1
7905,topic1
7906,topic1
7907,topic1
7908,topic1
7909,topic1
7910,topic1
7912,topic1
7913,topic2
7914,topic1
7915,topic10
7916,topic1
7918,topic1
7923,topic1
7924,topic1
7926,topic1
7929,topic1
7930,topic1
7932,topic3
7933,topic1
7934,topic8
7935,topic1
7936,topic1
7937,topic1
7938,topic1
7939,topic1
7940,topic1
7941,topic1
7943,topic1
7944,topic5
7945,topic1
7949,topic5
7950,topic2
7952,topic1
7953,topic10
7954,topic7
7955,topic1
7957,topic7
7958,topic1
7959,topic7
7960,topic6
7962,topic1
7963,topic6
7965,topic6
7968,topic6
7969,topic6
7970,topic6
7971,topic6
7972,topic6
7973,topic6
7976,topic6
7977,topic6
7978,topic6
7980,topic3
7981,topic6
7982,topic6
7983,topic6
7984,topic1
7987,topic6
7988,topic6
7989,topic6
7990,topic1
7991,topic3
7992,topic2
7994,topic6
7996,topic6
7999,topic6
8000,topic6
8001,topic1
8002,topic6
8003,topic3
8005,topic6
8006,topic6
8008,topic1
8009,topic3
8010,topic8
8012,topic1
8013,topic1
8015,topic1
8016,topic1
8017,topic6
8018,topic1
8019,topic1
8020,topic1
8021,topic7
8023,topic5
8024,topic1
8025,topic5
8026,topic10
8028,topic1
8029,topic3
8030,topic1
8031,topic1
8032,topic8
8034,topic1
8035,topic1
8036,topic1
8037,topic1
8038,topic9
8039,topic6
8040,topic6
8043,topic5
8044,topic1
8045,topic1
8047,topic7
8049,topic1
8055,topic4
8056,topic1
8057,topic3
8058,topic1
8060,topic1
8061,topic6
8062,topic1
8064,topic1
8065,topic5
8066,topic1
8067,topic1
8068,topic1
8069,topic3
8070,topic1
8071,topic7
8073,topic7
8074,topic1
8079,topic5
8081,topic1
8083,topic1
8084,topic1
8085,topic1
8087,topic7
8088,topic1
8089,topic6
8091,topic1
8094,topic1
8095,topic1
8096,topic8
8097,topic1
8098,topic1
8100,topic10
8101,topic6
8102,topic9
8103,topic1
8105,topic1
8106,topic1
8109,topic1
8110,topic1
8111,topic1
8112,topic10
8113,topic6
8116,topic10
8118,topic9
8119,topic6
8120,topic1
8121,topic9
8122,topic1
8125,topic1
8126,topic1
8128,topic1
8129,topic3
8130,topic1
8131,topic1
8133,topic1
8135,topic1
8136,topic7
8137,topic10
8138,topic7
8140,topic1
8141,topic1
8142,topic10
8143,topic10
8144,topic10
8146,topic10
8147,topic10
8149,topic6
8150,topic1
8154,topic4
8155,topic1
8156,topic1
8158,topic10
8159,topic1
8161,topic10
8162,topic10
8163,topic10
8164,topic10
8165,topic1
8168,topic10
8169,topic10
8170,topic10
8171,topic10
8172,topic1
8175,topic5
8176,topic6
8177,topic10
8180,topic10
8181,topic1
8182,topic1
8183,topic10
8184,topic1
8187,topic1
8188,topic1
8189,topic9
8190,topic1
8191,topic10
8195,topic5
8196,topic1
8201,topic1
8202,topic1
8203,topic5
8204,topic1
8205,topic5
8208,topic1
8209,topic7
8210,topic5
8211,topic1
8212,topic2
8213,topic7
8214,topic1
8215,topic10
8216,topic1
8217,topic6
8218,topic5
8219,topic6
8221,topic10
8223,topic1
8224,topic1
8225,topic3
8226,topic1
8231,topic1
8232,topic5
8234,topic6
8235,topic1
8236,topic1
8237,topic5
8238,topic1
8239,topic8
8240,topic1
8241,topic1
8242,topic8
8243,topic8
8244,topic5
8245,topic1
8246,topic5
8247,topic1
8250,topic1
8251,topic1
8252,topic3
8253,topic7
8254,topic1
8256,topic1
8257,topic1
8258,topic5
8259,topic6
8261,topic8
8262,topic4
8264,topic3
8266,topic5
8267,topic1
8270,topic1
8271,topic6
8274,topic1
8276,topic1
8278,topic3
8279,topic6
8280,topic1
8283,topic8
8284,topic1
8285,topic1
8286,topic3
8287,topic1
8288,topic1
8289,topic8
8291,topic3
8292,topic6
8294,topic7
8295,topic10
8296,topic7
8297,topic7
8298,topic3
8300,topic1
8301,topic7
8304,topic7
8309,topic7
8310,topic7
8311,topic3
8312,topic7
8314,topic7
8315,topic1
8317,topic7
8318,topic3
8320,topic7
8321,topic7
8324,topic1
8329,topic7
8330,topic7
8332,topic7
8334,topic7
8335,topic7
8337,topic7
8339,topic1
8341,topic7
8344,topic7
8345,topic1
8346,topic1
8347,topic1
8348,topic1
8349,topic7
8350,topic1
8351,topic1
8352,topic1
8355,topic6
8356,topic7
8360,topic7
8361,topic6
8362,topic1
8363,topic1
8364,topic1
8365,topic5
8366,topic1
8367,topic1
8368,topic1
8369,topic1
8370,topic7
8371,topic10
8372,topic1
8374,topic1
8375,topic1
8377,topic6
8378,topic1
8382,topic5
8383,topic10
8385,topic1
8386,topic6
8387,topic3
8388,topic1
8389,topic5
8390,topic6
8391,topic1
8392,topic1
8393,topic4
8394,topic4
8396,topic7
8397,topic4
8399,topic10
8400,topic4
8401,topic4
8402,topic4
8404,topic4
8405,topic4
8406,topic1
8408,topic1
8409,topic4
8410,topic4
8411,topic4
8412,topic4
8414,topic1
8415,topic1
8416,topic4
8418,topic4
8419,topic4
8422,topic4
8423,topic4
8425,topic1
8428,topic4
8429,topic4
8430,topic1
8431,topic4
8432,topic4
8433,topic4
8434,topic1
8435,topic4
8436,topic1
8437,topic1
8440,topic1
8441,topic4
8443,topic1
8444,topic4
8445,topic8
8446,topic1
8447,topic1
8448,topic1
8450,topic1
8451,topic8
8452,topic1
8453,topic1
8454,topic1
8455,topic1
8457,topic5
8458,topic8
8459,topic6
8461,topic6
8463,topic1
8464,topic5
8468,topic5
8471,topic2
8472,topic1
8473,topic5
8475,topic7
8476,topic5
8477,topic1
8478,topic1
8480,topic1
8483,topic1
8484,topic1
8486,topic1
8487,topic1
8489,topic1
8490,topic1
8491,topic7
8494,topic4
8496,topic1
8497,topic1
8498,topic9
8500,topic1
8502,topic1
8503,topic1
8504,topic1
8505,topic6
8506,topic1
8507,topic1
8508,topic3
8509,topic1
8510,topic5
8511,topic1
8512,topic1
8513,topic1
8514,topic1
8515,topic8
8516,topic1
8517,topic5
8518,topic1
8520,topic1
8522,topic1
8523,topic1
8524,topic1
8526,topic8
8528,topic1
8530,topic10
8531,topic1
8533,topic1
8536,topic1
8538,topic1
8539,topic1
8540,topic3
8541,topic1
8542,topic4
8543,topic1
8545,topic1
8546,topic1
8547,topic1
8550,topic1
8551,topic1
8553,topic10
8555,topic1
8556,topic1
8557,topic1
8558,topic1
8559,topic1
8560,topic1
8561,topic1
8562,topic1
8567,topic1
8570,topic6
8571,topic1
8572,topic4
8574,topic9
8575,topic1
8576,topic1
8577,topic5
8578,topic1
8579,topic1
8580,topic1
8581,topic9
8582,topic1
8584,topic7
8585,topic3
8586,topic1
8587,topic1
8589,topic1
8591,topic1
8595,topic1
8596,topic9
8598,topic1
8599,topic7
8606,topic1
8607,topic1
8608,topic1
8609,topic3
8610,topic1
8612,topic1
8613,topic1
8615,topic1
8618,topic1
8620,topic1
8621,topic3
8622,topic1
8623,topic1
8624,topic1
8625,topic1
8627,topic1
8628,topic8
8631,topic1
8633,topic1
8635,topic7
8636,topic1
8637,topic1
8638,topic1
8639,topic1
8640,topic1
8642,topic1
8643,topic10
8644,topic1
8646,topic1
8647,topic1
8648,topic6
8650,topic1
8651,topic1
8653,topic1
8654,topic7
8655,topic3
8656,topic1
8657,topic1
8658,topic1
8659,topic1
8660,topic10
8661,topic1
8662,topic6
8663,topic1
8664,topic1
8665,topic1
8667,topic1
8668,topic1
8669,topic10
8670,topic1
8673,topic1
8674,topic1
8676,topic1
8677,topic1
8680,topic1
8681,topic1
8683,topic1
8684,topic1
8685,topic7
8686,topic1
8688,topic1
8689,topic3
8690,topic1
8691,topic1
8692,topic7
8693,topic9
8694,topic7
8695,topic10
8696,topic1
8697,topic1
8698,topic6
8699,topic8
8700,topic1
8702,topic6
8704,topic1
8705,topic1
8706,topic6
8708,topic7
8709,topic1
8710,topic1
8711,topic1
8712,topic1
8714,topic6
8715,topic1
8717,topic3
8718,topic1
8720,topic1
8721,topic7
8722,topic6
8723,topic1
8724,topic1
8726,topic6
8727,topic6
8728,topic4
8729,topic1
8732,topic1
8733,topic6
8734,topic7
8735,topic6
8736,topic1
8737,topic1
8738,topic10
8739,topic6
8740,topic6
8741,topic7
8742,topic1
8743,topic2
8744,topic1
8745,topic1
8746,topic4
8747,topic1
8750,topic1
8751,topic1
8752,topic7
8753,topic7
8754,topic8
8755,topic5
8757,topic1
8758,topic8
8759,topic1
8760,topic10
8761,topic10
8762,topic1
8763,topic7
8766,topic3
8767,topic1
8768,topic10
8770,topic1
8774,topic8
8775,topic1
8776,topic7
8777,topic3
8778,topic6
8780,topic10
8781,topic1
8782,topic1
8783,topic1
8784,topic1
8785,topic2
8786,topic7
8787,topic7
8788,topic7
8789,topic1
8790,topic7
8791,topic10
8793,topic2
8795,topic1
8797,topic6
8799,topic1
8800,topic1
8801,topic1
8802,topic7
8804,topic8
8805,topic1
8806,topic1
8808,topic3
8810,topic2
8812,topic10
8815,topic1
8816,topic10
8817,topic1
8823,topic7
8825,topic1
8829,topic1
8830,topic1
8831,topic10
8832,topic1
8835,topic10
8836,topic1
8837,topic6
8838,topic10
8839,topic1
8840,topic7
8841,topic1
8842,topic5
8843,topic1
8844,topic5
8846,topic8
8848,topic1
8850,topic10
8851,topic5
8852,topic1
8853,topic7
8854,topic7
8855,topic5
8856,topic1
8857,topic1
8858,topic1
8859,topic3
8860,topic1
8862,topic1
8863,topic6
8864,topic1
8865,topic3
8866,topic1
8869,topic1
8871,topic1
8872,topic6
8875,topic1
8878,topic1
8880,topic1
8881,topic7
8883,topic10
8885,topic1
8886,topic1
8887,topic1
8888,topic1
8890,topic1
8892,topic1
8893,topic1
8896,topic6
8899,topic1
8900,topic1
8902,topic1
8903,topic6
8905,topic7
8906,topic1
8907,topic1
8908,topic1
8912,topic1
8913,topic8
8914,topic1
8916,topic1
8920,topic5
8921,topic1
8923,topic7
8924,topic1
8926,topic1
8927,topic9
8931,topic7
8933,topic7
8934,topic10
8935,topic1
8936,topic1
8938,topic6
8939,topic1
8941,topic1
8942,topic4
8944,topic4
8945,topic1
8946,topic4
8947,topic1
8948,topic4
8949,topic4
8952,topic4
8953,topic4
8955,topic4
8956,topic4
8957,topic4
8959,topic7
8961,topic4
8962,topic4
8963,topic4
8965,topic6
8966,topic4
8967,topic4
8968,topic4
8969,topic4
8970,topic4
8971,topic4
8972,topic4
8973,topic4
8974,topic4
8976,topic3
8978,topic4
8979,topic4
8980,topic4
8983,topic3
8985,topic4
8986,topic4
8987,topic4
8989,topic4
8992,topic1
8993,topic1
8994,topic3
8996,topic1
8998,topic9
8999,topic3
9000,topic5
9001,topic7
9002,topic1
9005,topic10
9006,topic10
9007,topic7
9008,topic1
9009,topic1
9012,topic1
9016,topic1
9018,topic1
9020,topic1
9022,topic1
9023,topic3
9025,topic1
9026,topic6
9027,topic1
9028,topic1
9029,topic1
9030,topic1
9031,topic1
9033,topic1
9034,topic1
9038,topic7
9039,topic3
9040,topic1
9041,topic1
9042,topic7
9044,topic1
9045,topic1
9047,topic7
9051,topic7
9052,topic7
9053,topic7
9054,topic3
9055,topic1
9057,topic1
9058,topic5
9059,topic7
9060,topic1
9061,topic7
9062,topic1
9064,topic3
9067,topic7
9071,topic7
9072,topic1
9074,topic7
9075,topic7
9077,topic6
9078,topic1
9079,topic1
9080,topic1
9081,topic1
9082,topic1
9083,topic7
9084,topic1
9085,topic2
9086,topic1
9087,topic7
9088,topic1
9089,topic7
9090,topic7
9093,topic2
9094,topic2
9095,topic2
9096,topic2
9097,topic2
9098,topic2
9099,topic2
9100,topic2
9101,topic2
9102,topic2
9103,topic2
9106,topic2
9107,topic2
9109,topic2
9110,topic2
9112,topic2
9113,topic2
9114,topic2
9116,topic2
9118,topic2
9119,topic1
9120,topic2
9121,topic2
9123,topic2
9124,topic2
9126,topic2
9128,topic2
9130,topic2
9131,topic2
9132,topic2
9134,topic2
9135,topic2
9137,topic1
9139,topic2
9141,topic2
9142,topic1
9143,topic1
9144,topic1
9145,topic1
9146,topic1
9148,topic1
9149,topic1
9151,topic1
9154,topic1
9156,topic1
9157,topic1
9159,topic1
9161,topic6
9162,topic1
9164,topic1
9166,topic1
9169,topic1
9171,topic1
9172,topic1
9173,topic1
9174,topic1
9175,topic1
9177,topic1
9179,topic1
9180,topic1
9181,topic1
9182,topic10
9183,topic1
9185,topic1
9187,topic1
9191,topic1
9192,topic1
9193,topic1
9194,topic1
9195,topic3
9197,topic1
9203,topic1
9206,topic1
9207,topic1
9208,topic1
9209,topic1
9210,topic1
9211,topic1
9212,topic1
9215,topic8
9216,topic1
9217,topic1
9218,topic1
9219,topic1
9220,topic1
9221,topic5
9222,topic7
9223,topic1
9225,topic1
9226,topic1
9230,topic1
9231,topic1
9232,topic5
9233,topic1
9235,topic1
9237,topic9
9238,topic1
9239,topic1
9240,topic1
9242,topic1
9244,topic8
9246,topic1
9247,topic6
9248,topic1
9249,topic1
9250,topic1
9251,topic1
9252,topic1
9253,topic1
9254,topic1
9255,topic1
9257,topic1
9259,topic1
9260,topic1
9262,topic1
9263,topic1
9264,topic1
9265,topic7
9266,topic1
9267,topic6
9268,topic8
9269,topic10
9270,topic1
9271,topic3
9272,topic8
9273,topic1
9275,topic1
9276,topic1
9277,topic1
9278,topic10
9280,topic6
9281,topic1
9283,topic7
9286,topic1
9287,topic1
9288,topic1
9289,topic1
9290,topic1
9292,topic10
9293,topic1
9294,topic6
9296,topic1
9297,topic5
9298,topic5
9300,topic1
9301,topic2
9303,topic1
9307,topic1
9308,topic1
9309,topic1
9311,topic6
9313,topic1
9314,topic1
9315,topic1
9317,topic3
9319,topic1
9320,topic1
9321,topic9
9322,topic1
9324,topic1
9325,topic7
9329,topic1
9330,topic7
9332,topic1
9333,topic7
9334,topic7
9337,topic1
9338,topic1
9339,topic1
9341,topic1
9342,topic1
9343,topic1
9344,topic9
9345,topic7
9346,topic1
9347,topic1
9348,topic9
9350,topic1
9351,topic9
9355,topic6
9360,topic7
9361,topic1
9362,topic1
9363,topic1
9365,topic1
9367,topic10
9368,topic5
9371,topic1
9372,topic5
9373,topic1
9374,topic1
9375,topic9
9376,topic2
9377,topic1
9378,topic2
9380,topic3
9382,topic1
9384,topic9
9385,topic7
9386,topic5
9387,topic5
9388,topic1
9391,topic2
9393,topic5
9395,topic1
9396,topic2
9397,topic2
9401,topic1
9402,topic2
9403,topic1
9404,topic4
9405,topic1
9406,topic2
9408,topic5
9410,topic6
9411,topic5
9414,topic7
9416,topic6
9417,topic6
9418,topic7
9420,topic2
9421,topic2
9422,topic4
9425,topic1
9430,topic1
9431,topic9
9432,topic9
9434,topic5
9435,topic1
9436,topic3
9438,topic1
9439,topic1
9441,topic2
9445,topic6
9446,topic1
9448,topic1
9449,topic6
9450,topic1
9451,topic1
9452,topic1
9453,topic1
9454,topic6
9455,topic1
9456,topic1
9457,topic8
9458,topic1
9460,topic1
9463,topic1
9465,topic1
9466,topic1
9467,topic1
9468,topic1
9469,topic5
9470,topic1
9471,topic1
9472,topic1
9474,topic1
9480,topic6
9481,topic1
9482,topic6
9484,topic5
9485,topic1
9486,topic6
9488,topic1
9489,topic1
9490,topic6
9491,topic1
9492,topic1
9493,topic1
9495,topic1
9496,topic1
9499,topic1
9500,topic2
9501,topic1
9502,topic1
9503,topic8
9504,topic1
9505,topic5
9507,topic2
9508,topic1
9509,topic1
9510,topic8
9511,topic1
9513,topic1
9519,topic3
9520,topic10
9522,topic1
9524,topic1
9525,topic1
9526,topic5
9529,topic5
9531,topic1
9533,topic6
9537,topic7
9538,topic2
9539,topic1
9540,topic5
9541,topic8
9542,topic1
9547,topic1
9548,topic1
9550,topic5
9551,topic1
9552,topic1
9553,topic1
9554,topic1
9555,topic8
9556,topic1
9557,topic1
9559,topic1
9562,topic1
9563,topic1
9564,topic1
9565,topic1
9566,topic1
9567,topic1
9568,topic1
9569,topic1
9571,topic1
9572,topic7
9574,topic1
9575,topic1
9576,topic1
9577,topic7
9579,topic1
9580,topic1
9581,topic3
9582,topic1
9583,topic1
9585,topic1
9586,topic8
9589,topic1
9590,topic1
9591,topic1
9592,topic1
9593,topic1
9594,topic1
9595,topic1
9596,topic1
9597,topic1
9598,topic3
9600,topic1
9602,topic1
9603,topic1
9605,topic1
9606,topic4
9607,topic5
9608,topic1
9609,topic1
9610,topic6
9611,topic1
9612,topic1
9613,topic1
9616,topic1
9617,topic1
9618,topic1
9619,topic1
9620,topic1
9625,topic1
9627,topic1
9629,topic1
9632,topic1
9634,topic1
9636,topic1
9638,topic1
9639,topic1
9640,topic1
9642,topic1
9643,topic1
9644,topic1
9645,topic1
9646,topic1
9650,topic4
9651,topic1
9652,topic1
9653,topic1
9654,topic1
9655,topic1
9656,topic1
9657,topic1
9659,topic7
9660,topic1
9661,topic7
9663,topic1
9664,topic1
9665,topic10
9666,topic10
9667,topic1
9669,topic1
9670,topic4
9672,topic10
9673,topic1
9674,topic10
9675,topic1
9678,topic7
9680,topic1
9681,topic1
9683,topic1
9684,topic1
9686,topic4
9687,topic10
9688,topic10
9690,topic8
9691,topic10
9695,topic2
9697,topic6
9698,topic10
9699,topic1
9701,topic1
9702,topic1
9703,topic1
9704,topic7
9705,topic1
9706,topic1
9707,topic10
9708,topic1
9709,topic1
9710,topic4
9712,topic6
9714,topic6
9715,topic6
9716,topic8
9717,topic1
9718,topic8
9719,topic1
9722,topic6
9723,topic1
9724,topic6
9728,topic1
9729,topic8
9730,topic1
9731,topic8
9732,topic1
9733,topic1
9734,topic8
9736,topic5
9737,topic8
9738,topic7
9739,topic8
9741,topic1
9744,topic8
9745,topic1
9746,topic8
9749,topic1
9750,topic8
9752,topic8
9753,topic8
9754,topic8
9755,topic2
9756,topic1
9757,topic1
9759,topic3
9760,topic1
9761,topic1
9762,topic1
9763,topic1
9764,topic4
9765,topic6
9766,topic1
9769,topic1
9770,topic1
9771,topic1
9772,topic9
9774,topic1
9775,topic1
9776,topic7
9778,topic6
9779,topic1
9780,topic1
9782,topic1
9783,topic1
9785,topic1
9787,topic10
9788,topic1
9790,topic6
9791,topic10
9794,topic1
9795,topic1
9796,topic7
9797,topic1
9800,topic1
9801,topic1
9806,topic1
9808,topic1
9810,topic1
9812,topic1
9813,topic8
9815,topic1
9816,topic1
9818,topic1
9819,topic1
9820,topic1
9822,topic9
9823,topic1
9826,topic1
9828,topic1
9829,topic6
9830,topic1
9831,topic1
9832,topic1
9833,topic1
9834,topic1
9835,topic8
9836,topic5
9837,topic1
9838,topic1
9841,topic6
9842,topic1
9846,topic7
9849,topic1
9850,topic5
9853,topic10
9854,topic1
9857,topic1
9858,topic1
9859,topic1
9860,topic1
9861,topic1
9862,topic1
9864,topic1
9865,topic1
9866,topic7
9868,topic3
9869,topic1
9870,topic3
9872,topic7
9873,topic1
9874,topic1
9875,topic1
9877,topic8
9878,topic1
9880,topic1
9881,topic6
9883,topic1
9884,topic1
9885,topic1
9886,topic5
9887,topic7
9888,topic1
9889,topic5
9890,topic1
9894,topic6
9896,topic1
9897,topic1
9898,topic1
9901,topic1
9905,topic1
9906,topic5
9907,topic1
9909,topic1
9910,topic5
9911,topic1
9912,topic1
9915,topic9
9916,topic5
9918,topic3
9919,topic1
9920,topic6
9921,topic10
9923,topic1
9925,topic1
9930,topic8
9931,topic1
9932,topic1
9933,topic1
9934,topic3
9935,topic1
9937,topic10
9938,topic1
9940,topic5
9941,topic1
9942,topic1
9943,topic4
9944,topic1
9945,topic8
9946,topic7
9948,topic7
9949,topic7
9950,topic1
9952,topic10
9953,topic3
9955,topic1
9958,topic1
9960,topic1
9961,topic3
9963,topic3
9965,topic1
9967,topic7
9971,topic10
9972,topic1
9973,topic1
9974,topic1
9976,topic7
9978,topic1
9979,topic3
9980,topic1
9982,topic1
9983,topic1
9984,topic1
9985,topic1
9986,topic1
9987,topic9
9988,topic4
9989,topic8
9990,topic1
9991,topic2
9992,topic7
9994,topic3
9995,topic7
9998,topic7
10000,topic10
10001,topic1
10003,topic5
10004,topic3
10005,topic1
10006,topic1
10008,topic7
10009,topic10
10010,topic5
10011,topic1
10012,topic1
10013,topic4
10014,topic1
10016,topic1
10017,topic1
10018,topic1
10020,topic1
10021,topic1
10023,topic1
10025,topic3
10027,topic1
10028,topic4
10029,topic1
10030,topic10
10031,topic1
10032,topic4
10034,topic1
10035,topic1
10036,topic1
10037,topic1
10038,topic1
10039,topic10
10040,topic1
10041,topic7
10042,topic1
10044,topic1
10045,topic1
10047,topic1
10048,topic1
10049,topic1
10050,topic1
10052,topic1
10054,topic1
10055,topic7
10056,topic1
10057,topic5
10058,topic10
10059,topic1
10060,topic1
10061,topic1
10064,topic10
10066,topic6
10067,topic10
10069,topic10
10070,topic10
10071,topic10
10072,topic1
10073,topic10
10074,topic1
10075,topic6
10076,topic1
10077,topic10
10079,topic6
10080,topic10
10081,topic10
10082,topic10
10083,topic10
10084,topic10
10085,topic1
10087,topic1
10088,topic10
10089,topic1
10090,topic1
10091,topic1
10092,topic1
10093,topic1
10098,topic1
10099,topic1
10100,topic1
10101,topic3
10102,topic1
10105,topic10
10106,topic10
10107,topic6
10109,topic9
10110,topic1
10111,topic3
10112,topic1
10113,topic1
10114,topic8
10115,topic6
10116,topic5
10117,topic1
10118,topic6
10119,topic5
10120,topic1
10121,topic5
10124,topic1
10125,topic1
10126,topic1
10127,topic1
10129,topic1
10130,topic1
10132,topic1
10136,topic1
10137,topic1
10138,topic1
10139,topic1
10140,topic1
10141,topic1
10142,topic1
10143,topic1
10144,topic1
10146,topic1
10147,topic1
10149,topic1
10150,topic1
10151,topic1
10152,topic5
10153,topic1
10156,topic1
10157,topic1
10159,topic4
10163,topic4
10164,topic4
10168,topic4
10169,topic1
10171,topic10
10172,topic4
10173,topic4
10174,topic4
10175,topic4
10176,topic4
10177,topic6
10179,topic4
10182,topic4
10183,topic4
10184,topic4
10186,topic4
10187,topic4
10189,topic4
10191,topic4
10192,topic4
10193,topic4
10194,topic4
10195,topic4
10197,topic4
10198,topic4
10199,topic4
10201,topic4
10202,topic4
10203,topic4
10204,topic4
10206,topic4
10207,topic4
10208,topic1
10209,topic1
10210,topic1
10212,topic6
10213,topic1
10214,topic1
10215,topic1
10217,topic10
10218,topic1
10220,topic1
10222,topic6
10223,topic6
10224,topic1
10226,topic1
10229,topic1
10231,topic1
10234,topic3
10236,topic10
10237,topic10
10239,topic1
10241,topic1
10243,topic1
10244,topic1
10245,topic1
10246,topic1
10247,topic6
10249,topic1
10250,topic6
10251,topic4
10252,topic7
10253,topic7
10255,topic7
10256,topic4
10258,topic4
10259,topic4
10260,topic4
10263,topic4
10264,topic4
10265,topic4
10268,topic4
10269,topic4
10270,topic4
10272,topic7
10273,topic7
10274,topic7
10275,topic4
10276,topic4
10278,topic4
10280,topic7
10283,topic4
10284,topic4
10286,topic9
10287,topic7
10288,topic1
10289,topic1
10290,topic3
10291,topic1
10293,topic1
10294,topic5
10295,topic5
10296,topic1
10297,topic7
10299,topic1
10301,topic1
10302,topic5
10303,topic1
10304,topic1
10305,topic5
10306,topic1
10307,topic2
10308,topic1
10310,topic1
10313,topic7
10314,topic1
10315,topic1
10316,topic1
10317,topic1
10318,topic1
10320,topic4
10321,topic1
10322,topic5
10323,topic5
10325,topic2
10327,topic1
10329,topic1
10330,topic5
10331,topic8
10332,topic5
10333,topic1
10334,topic1
10335,topic3
10336,topic1
10337,topic1
10338,topic6
10339,topic9
10340,topic5
10341,topic1
10342,topic7
10344,topic5
10345,topic1
10348,topic7
10349,topic2
10350,topic1
10351,topic1
10352,topic1
10355,topic1
10358,topic1
10359,topic5
10360,topic8
10361,topic3
10364,topic6
10365,topic4
10366,topic1
10367,topic2
10368,topic3
10369,topic1
10371,topic5
10372,topic1
10374,topic5
10375,topic2
10376,topic7
10377,topic7
10378,topic3
10379,topic7
10380,topic1
10381,topic7
10382,topic5
10383,topic1
10384,topic2
10385,topic4
10387,topic6
10390,topic6
10392,topic1
10393,topic1
10394,topic1
10395,topic3
10396,topic6
10398,topic4
10399,topic5
10401,topic7
10402,topic6
10405,topic5
10406,topic1
10407,topic7
10409,topic9
10410,topic1
10411,topic1
10412,topic1
10413,topic1
10414,topic1
10415,topic4
10416,topic1
10418,topic1
10419,topic1
10420,topic8
10421,topic1
10422,topic7
10423,topic1
10424,topic1
10426,topic2
10427,topic1
10428,topic4
10429,topic1
10430,topic7
10431,topic7
10432,topic1
10433,topic1
10434,topic1
10436,topic6
10439,topic10
10441,topic8
10443,topic6
10444,topic3
10445,topic6
10446,topic6
10448,topic6
10449,topic6
10450,topic6
10451,topic3
10455,topic2
10456,topic6
10457,topic6
10458,topic7
10461,topic9
10462,topic6
10464,topic7
10466,topic6
10467,topic6
10468,topic6
10470,topic6
10471,topic6
10472,topic9
10473,topic6
10478,topic4
10479,topic3
10481,topic6
10482,topic7
10483,topic6
10484,topic6
10485,topic1
10486,topic6
10487,topic1
10488,topic1
10489,topic1
10490,topic1
10492,topic7
10496,topic3
10498,topic1
10499,topic1
10500,topic6
10502,topic1
10503,topic1
10505,topic6
10506,topic6
10508,topic6
10511,topic1
10513,topic1
10515,topic1
10516,topic1
10517,topic1
10518,topic6
10519,topic1
10520,topic6
10521,topic6
10522,topic1
10523,topic1
10524,topic1
10525,topic1
10527,topic1
10529,topic1
10533,topic6
10534,topic6
10535,topic6
10536,topic1
10537,topic1
10540,topic8
10541,topic1
10543,topic1
10544,topic1
10545,topic1
10546,topic7
10548,topic1
10550,topic10
10551,topic8
10552,topic1
10553,topic1
10554,topic1
10555,topic8
10557,topic5
10558,topic1
10559,topic7
10560,topic1
10561,topic8
10562,topic1
10563,topic1
10564,topic1
10565,topic1
10566,topic7
10567,topic1
10568,topic3
10570,topic7
10571,topic1
10573,topic1
10574,topic1
10575,topic6
10576,topic1
10578,topic1
10580,topic1
10581,topic1
10582,topic1
10583,topic1
10584,topic1
10585,topic5
10587,topic8
10588,topic1
10589,topic1
10590,topic1
10591,topic1
10592,topic9
10593,topic8
10596,topic1
10598,topic1
10599,topic1
10600,topic8
10601,topic1
10603,topic5
10605,topic9
10606,topic9
10607,topic5
10608,topic1
10609,topic4
10610,topic1
10611,topic8
10612,topic8
10613,topic6
10615,topic8
10616,topic8
10620,topic8
10621,topic7
10622,topic1
10623,topic8
10625,topic8
10626,topic1
10627,topic8
10628,topic6
10629,topic5
10630,topic1
10631,topic1
10632,topic8
10636,topic1
10637,topic3
10640,topic7
10641,topic1
10644,topic1
10647,topic1
10648,topic1
10650,topic1
10651,topic1
10655,topic2
10656,topic1
10657,topic1
10658,topic1
10659,topic1
10660,topic4
10662,topic7
10663,topic1
10665,topic6
10666,topic1
10667,topic1
10669,topic1
10671,topic1
10672,topic1
10673,topic1
10675,topic1
10676,topic7
10677,topic1
10678,topic1
10679,topic9
10680,topic1
10681,topic8
10682,topic1
10684,topic1
10685,topic1
10686,topic8
10687,topic1
10688,topic7
10689,topic1
10690,topic1
10691,topic1
10692,topic1
10693,topic10
10695,topic1
10696,topic1
10698,topic1
10700,topic10
10702,topic1
10704,topic4
10705,topic4
10706,topic1
10707,topic2
10708,topic1
10709,topic8
10710,topic1
10711,topic1
10712,topic8
10715,topic1
10718,topic8
10720,topic3
10721,topic1
10722,topic9
10723,topic1
10724,topic1
10726,topic7
10727,topic1
10729,topic1
10730,topic7
10731,topic1
10732,topic8
10733,topic1
10735,topic1
10736,topic6
10737,topic1
10739,topic1
10741,topic1
10743,topic6
10744,topic1
10745,topic1
10746,topic1
10747,topic1
10748,topic1
10749,topic1
10750,topic1
10751,topic5
10752,topic1
10753,topic1
10754,topic1
10755,topic6
10759,topic1
10760,topic1
10763,topic5
10764,topic1
10765,topic1
10766,topic1
10767,topic1
10768,topic1
10769,topic1
10770,topic1
10771,topic1
10772,topic1
10774,topic1
10775,topic1
10776,topic1
10777,topic1
10779,topic1
10780,topic1
10782,topic1
10783,topic1
10784,topic1
10785,topic3
10786,topic8
10787,topic5
10788,topic1
10789,topic1
10790,topic1
10793,topic5
10794,topic1
10795,topic1
10798,topic6
10799,topic1
10800,topic1
10802,topic1
10803,topic8
10805,topic1
10808,topic8
10809,topic1
10810,topic8
10811,topic5
10812,topic1
10813,topic5
10814,topic1
10815,topic1
10817,topic1
10818,topic1
10819,topic1
10821,topic1
10822,topic1
10823,topic1
10824,topic6
10825,topic1
10826,topic1
10827,topic1
10829,topic1
10830,topic1
10831,topic1
10832,topic1
10833,topic1
10834,topic1
10835,topic2
10837,topic1
10839,topic8
10840,topic1
10841,topic1
10842,topic1
10843,topic1
10844,topic1
10846,topic1
10847,topic1
10848,topic1
10849,topic1
10850,topic1
10851,topic1
10852,topic1
10853,topic8
10854,topic6
10855,topic1
10859,topic1
10860,topic1
10862,topic5
10863,topic1
10864,topic2
10866,topic1
10867,topic1
10869,topic1
10870,topic6
10871,topic1
10872,topic8
10873,topic6
